       w,        absFe,      phaseFe
0.00625,8.98E+00,-1.57E+00
0.0125,2.26E+01,-1.57E+00
0.01875,4.77E+01,-1.57E+00
0.025,8.46E+01,-1.57E+00
0.03125,1.32E+02,-1.57E+00
0.0375,1.90E+02,-1.57E+00
0.04375,2.59E+02,-1.57E+00
0.05,3.38E+02,-1.57E+00
0.05625,4.28E+02,-1.57E+00
0.0625,5.29E+02,-1.57E+00
0.06875,6.40E+02,-1.57E+00
0.075,7.61E+02,-1.57E+00
0.08125,8.93E+02,-1.57E+00
0.0875,1.04E+03,-1.57E+00
0.09375,1.19E+03,-1.57E+00
0.1,1.35E+03,-1.57E+00
0.10625,1.53E+03,-1.57E+00
0.1125,1.71E+03,-1.57E+00
0.11875,1.91E+03,-1.57E+00
0.125,2.11E+03,-1.57E+00
0.13125,2.33E+03,-1.57E+00
0.1375,2.56E+03,-1.57E+00
0.14375,2.79E+03,-1.57E+00
0.15,3.04E+03,-1.57E+00
0.15625,3.30E+03,-1.57E+00
0.1625,3.57E+03,-1.57E+00
0.16875,3.85E+03,-1.57E+00
0.175,4.14E+03,-1.57E+00
0.18125,4.44E+03,-1.57E+00
0.1875,4.75E+03,-1.57E+00
0.19375,5.07E+03,-1.57E+00
0.2,5.40E+03,-1.57E+00
0.20625,5.74E+03,-1.57E+00
0.2125,6.09E+03,-1.57E+00
0.21875,6.46E+03,-1.57E+00
0.225,6.83E+03,-1.57E+00
0.23125,7.21E+03,-1.57E+00
0.2375,7.61E+03,-1.57E+00
0.24375,8.01E+03,-1.57E+00
0.25,8.43E+03,-1.57E+00
0.25625,8.85E+03,-1.57E+00
0.2625,9.29E+03,-1.57E+00
0.26875,9.73E+03,-1.57E+00
0.275,1.02E+04,-1.57E+00
0.28125,1.07E+04,-1.57E+00
0.2875,1.11E+04,-1.57E+00
0.29375,1.16E+04,-1.57E+00
0.3,1.21E+04,-1.57E+00
0.30625,1.26E+04,-1.57E+00
0.3125,1.31E+04,-1.57E+00
0.31875,1.37E+04,-1.57E+00
0.325,1.42E+04,-1.57E+00
0.33125,1.48E+04,-1.57E+00
0.3375,1.53E+04,-1.57E+00
0.34375,1.59E+04,-1.57E+00
0.35,1.65E+04,-1.57E+00
0.35625,1.70E+04,-1.57E+00
0.3625,1.76E+04,-1.57E+00
0.36875,1.83E+04,-1.57E+00
0.375,1.89E+04,-1.57E+00
0.38125,1.95E+04,-1.57E+00
0.3875,2.01E+04,-1.57E+00
0.39375,2.08E+04,-1.57E+00
0.4,2.15E+04,-1.57E+00
0.40625,2.21E+04,-1.57E+00
0.4125,2.28E+04,-1.57E+00
0.41875,2.35E+04,-1.57E+00
0.425,2.42E+04,-1.57E+00
0.43125,2.49E+04,-1.57E+00
0.4375,2.56E+04,-1.57E+00
0.44375,2.64E+04,-1.57E+00
0.45,2.71E+04,-1.57E+00
0.45625,2.79E+04,-1.57E+00
0.4625,2.86E+04,-1.57E+00
0.46875,2.94E+04,-1.57E+00
0.475,3.02E+04,-1.57E+00
0.48125,3.10E+04,-1.57E+00
0.4875,3.18E+04,-1.57E+00
0.49375,3.26E+04,-1.57E+00
0.5,3.34E+04,-1.57E+00
0.50625,3.42E+04,-1.57E+00
0.5125,3.51E+04,-1.57E+00
0.51875,3.59E+04,-1.57E+00
0.525,3.68E+04,-1.57E+00
0.53125,3.77E+04,-1.57E+00
0.5375,3.85E+04,-1.57E+00
0.54375,3.94E+04,-1.57E+00
0.55,4.03E+04,-1.57E+00
0.55625,4.12E+04,-1.57E+00
0.5625,4.22E+04,-1.57E+00
0.56875,4.31E+04,-1.57E+00
0.575,4.41E+04,-1.57E+00
0.58125,4.50E+04,-1.57E+00
0.5875,4.60E+04,-1.57E+00
0.59375,4.69E+04,-1.57E+00
0.6,4.79E+04,-1.57E+00
0.60625,4.89E+04,-1.57E+00
0.6125,4.99E+04,-1.57E+00
0.61875,5.09E+04,-1.57E+00
0.625,5.20E+04,-1.57E+00
0.63125,5.30E+04,-1.57E+00
0.6375,5.41E+04,-1.57E+00
0.64375,5.51E+04,-1.57E+00
0.65,5.62E+04,-1.57E+00
0.65625,5.73E+04,-1.57E+00
0.6625,5.84E+04,-1.57E+00
0.66875,5.95E+04,-1.57E+00
0.675,6.06E+04,-1.57E+00
0.68125,6.17E+04,-1.57E+00
0.6875,6.28E+04,-1.57E+00
0.69375,6.40E+04,-1.57E+00
0.7,6.51E+04,-1.57E+00
0.70625,6.63E+04,-1.57E+00
0.7125,6.75E+04,-1.57E+00
0.71875,6.86E+04,-1.57E+00
0.725,6.98E+04,-1.57E+00
0.73125,7.10E+04,-1.57E+00
0.7375,7.23E+04,-1.57E+00
0.74375,7.35E+04,-1.57E+00
0.75,7.47E+04,-1.57E+00
0.75625,7.60E+04,-1.56E+00
0.7625,7.73E+04,-1.56E+00
0.76875,7.85E+04,-1.56E+00
0.775,7.98E+04,-1.56E+00
0.78125,8.11E+04,-1.56E+00
0.7875,8.24E+04,-1.56E+00
0.79375,8.37E+04,-1.56E+00
0.8,8.51E+04,-1.56E+00
0.80625,8.64E+04,-1.56E+00
0.8125,8.78E+04,-1.56E+00
0.81875,8.92E+04,-1.56E+00
0.825,9.05E+04,-1.56E+00
0.83125,9.19E+04,-1.56E+00
0.8375,9.33E+04,-1.56E+00
0.84375,9.48E+04,-1.56E+00
0.85,9.62E+04,-1.56E+00
0.85625,9.76E+04,-1.56E+00
0.8625,9.91E+04,-1.56E+00
0.86875,1.01E+05,-1.56E+00
0.875,1.02E+05,-1.56E+00
0.88125,1.04E+05,-1.56E+00
0.8875,1.05E+05,-1.56E+00
0.89375,1.07E+05,-1.56E+00
0.9,1.08E+05,-1.55E+00
0.90625,1.10E+05,-1.55E+00
0.9125,1.11E+05,-1.55E+00
0.91875,1.13E+05,-1.55E+00
0.925,1.14E+05,-1.55E+00
0.93125,1.16E+05,-1.55E+00
0.9375,1.18E+05,-1.55E+00
0.94375,1.19E+05,-1.55E+00
0.95,1.21E+05,-1.55E+00
0.95625,1.23E+05,-1.55E+00
0.9625,1.24E+05,-1.55E+00
0.96875,1.26E+05,-1.55E+00
0.975,1.28E+05,-1.55E+00
0.98125,1.29E+05,-1.54E+00
0.9875,1.31E+05,-1.54E+00
0.99375,1.33E+05,-1.54E+00
1,1.35E+05,-1.54E+00
1.00625,1.36E+05,-1.54E+00
1.0125,1.38E+05,-1.54E+00
1.01875,1.40E+05,-1.54E+00
1.025,1.42E+05,-1.54E+00
1.03125,1.44E+05,-1.54E+00
1.0375,1.45E+05,-1.53E+00
1.04375,1.47E+05,-1.53E+00
1.05,1.49E+05,-1.53E+00
1.05625,1.51E+05,-1.53E+00
1.0625,1.53E+05,-1.53E+00
1.06875,1.55E+05,-1.53E+00
1.075,1.57E+05,-1.53E+00
1.08125,1.59E+05,-1.53E+00
1.0875,1.61E+05,-1.52E+00
1.09375,1.63E+05,-1.52E+00
1.1,1.65E+05,-1.52E+00
1.10625,1.67E+05,-1.52E+00
1.1125,1.69E+05,-1.52E+00
1.11875,1.71E+05,-1.52E+00
1.125,1.73E+05,-1.51E+00
1.13125,1.75E+05,-1.51E+00
1.1375,1.77E+05,-1.51E+00
1.14375,1.80E+05,-1.51E+00
1.15,1.82E+05,-1.51E+00
1.15625,1.84E+05,-1.50E+00
1.1625,1.86E+05,-1.50E+00
1.16875,1.88E+05,-1.50E+00
1.175,1.91E+05,-1.50E+00
1.18125,1.93E+05,-1.49E+00
1.1875,1.95E+05,-1.49E+00
1.19375,1.98E+05,-1.49E+00
1.2,2.00E+05,-1.49E+00
1.20625,2.02E+05,-1.48E+00
1.2125,2.05E+05,-1.48E+00
1.21875,2.07E+05,-1.48E+00
1.225,2.09E+05,-1.48E+00
1.23125,2.12E+05,-1.47E+00
1.2375,2.14E+05,-1.47E+00
1.24375,2.17E+05,-1.47E+00
1.25,2.19E+05,-1.47E+00
1.25625,2.22E+05,-1.46E+00
1.2625,2.24E+05,-1.46E+00
1.26875,2.27E+05,-1.46E+00
1.275,2.29E+05,-1.45E+00
1.28125,2.32E+05,-1.45E+00
1.2875,2.35E+05,-1.45E+00
1.29375,2.37E+05,-1.44E+00
1.3,2.40E+05,-1.44E+00
1.30625,2.43E+05,-1.43E+00
1.3125,2.45E+05,-1.43E+00
1.31875,2.48E+05,-1.43E+00
1.325,2.51E+05,-1.42E+00
1.33125,2.53E+05,-1.42E+00
1.3375,2.56E+05,-1.41E+00
1.34375,2.59E+05,-1.41E+00
1.35,2.62E+05,-1.41E+00
1.35625,2.65E+05,-1.40E+00
1.3625,2.67E+05,-1.40E+00
1.36875,2.70E+05,-1.39E+00
1.375,2.73E+05,-1.39E+00
1.38125,2.76E+05,-1.38E+00
1.3875,2.79E+05,-1.38E+00
1.39375,2.82E+05,-1.37E+00
1.4,2.85E+05,-1.37E+00
1.40625,2.88E+05,-1.36E+00
1.4125,2.91E+05,-1.36E+00
1.41875,2.94E+05,-1.35E+00
1.425,2.97E+05,-1.35E+00
1.43125,3.00E+05,-1.34E+00
1.4375,3.03E+05,-1.33E+00
1.44375,3.06E+05,-1.33E+00
1.45,3.09E+05,-1.32E+00
1.45625,3.12E+05,-1.32E+00
1.4625,3.15E+05,-1.31E+00
1.46875,3.18E+05,-1.30E+00
1.475,3.21E+05,-1.30E+00
1.48125,3.24E+05,-1.29E+00
1.4875,3.27E+05,-1.28E+00
1.49375,3.30E+05,-1.28E+00
1.5,3.33E+05,-1.27E+00
1.50625,3.36E+05,-1.26E+00
1.5125,3.39E+05,-1.25E+00
1.51875,3.42E+05,-1.25E+00
1.525,3.45E+05,-1.24E+00
1.53125,3.48E+05,-1.23E+00
1.5375,3.51E+05,-1.22E+00
1.54375,3.54E+05,-1.22E+00
1.55,3.57E+05,-1.21E+00
1.55625,3.60E+05,-1.20E+00
1.5625,3.63E+05,-1.19E+00
1.56875,3.66E+05,-1.18E+00
1.575,3.69E+05,-1.17E+00
1.58125,3.71E+05,-1.17E+00
1.5875,3.74E+05,-1.16E+00
1.59375,3.77E+05,-1.15E+00
1.6,3.80E+05,-1.14E+00
1.60625,3.82E+05,-1.13E+00
1.6125,3.85E+05,-1.12E+00
1.61875,3.88E+05,-1.11E+00
1.625,3.90E+05,-1.10E+00
1.63125,3.93E+05,-1.09E+00
1.6375,3.95E+05,-1.08E+00
1.64375,3.98E+05,-1.07E+00
1.65,4.00E+05,-1.06E+00
1.65625,4.02E+05,-1.05E+00
1.6625,4.05E+05,-1.04E+00
1.66875,4.07E+05,-1.03E+00
1.675,4.09E+05,-1.02E+00
1.68125,4.11E+05,-1.01E+00
1.6875,4.13E+05,-1.00E+00
1.69375,4.15E+05,-9.92E-01
1.7,4.17E+05,-9.82E-01
1.70625,4.18E+05,-9.71E-01
1.7125,4.20E+05,-9.61E-01
1.71875,4.21E+05,-9.50E-01
1.725,4.23E+05,-9.39E-01
1.73125,4.24E+05,-9.28E-01
1.7375,4.26E+05,-9.18E-01
1.74375,4.27E+05,-9.07E-01
1.75,4.28E+05,-8.96E-01
1.75625,4.29E+05,-8.85E-01
1.7625,4.30E+05,-8.74E-01
1.76875,4.31E+05,-8.63E-01
1.775,4.32E+05,-8.52E-01
1.78125,4.32E+05,-8.41E-01
1.7875,4.33E+05,-8.30E-01
1.79375,4.34E+05,-8.19E-01
1.8,4.34E+05,-8.09E-01
1.80625,4.34E+05,-7.98E-01
1.8125,4.34E+05,-7.87E-01
1.81875,4.35E+05,-7.76E-01
1.825,4.35E+05,-7.65E-01
1.83125,4.35E+05,-7.54E-01
1.8375,4.34E+05,-7.44E-01
1.84375,4.34E+05,-7.33E-01
1.85,4.34E+05,-7.23E-01
1.85625,4.33E+05,-7.12E-01
1.8625,4.33E+05,-7.02E-01
1.86875,4.32E+05,-6.92E-01
1.875,4.32E+05,-6.81E-01
1.88125,4.31E+05,-6.71E-01
1.8875,4.30E+05,-6.61E-01
1.89375,4.29E+05,-6.51E-01
1.9,4.28E+05,-6.41E-01
1.90625,4.27E+05,-6.31E-01
1.9125,4.26E+05,-6.21E-01
1.91875,4.25E+05,-6.12E-01
1.925,4.24E+05,-6.02E-01
1.93125,4.22E+05,-5.93E-01
1.9375,4.21E+05,-5.83E-01
1.94375,4.19E+05,-5.74E-01
1.95,4.18E+05,-5.65E-01
1.95625,4.16E+05,-5.56E-01
1.9625,4.15E+05,-5.47E-01
1.96875,4.13E+05,-5.38E-01
1.975,4.11E+05,-5.30E-01
1.98125,4.09E+05,-5.21E-01
1.9875,4.08E+05,-5.13E-01
1.99375,4.06E+05,-5.05E-01
2,4.04E+05,-4.96E-01
2.00625,4.02E+05,-4.88E-01
2.0125,4.01E+05,-4.80E-01
2.01875,3.98E+05,-4.73E-01
2.025,3.96E+05,-4.65E-01
2.03125,3.94E+05,-4.58E-01
2.0375,3.92E+05,-4.50E-01
2.04375,3.90E+05,-4.43E-01
2.05,3.88E+05,-4.36E-01
2.05625,3.86E+05,-4.29E-01
2.0625,3.84E+05,-4.22E-01
2.06875,3.82E+05,-4.15E-01
2.075,3.79E+05,-4.08E-01
2.08125,3.77E+05,-4.02E-01
2.0875,3.75E+05,-3.95E-01
2.09375,3.73E+05,-3.89E-01
2.1,3.71E+05,-3.83E-01
2.10625,3.69E+05,-3.77E-01
2.1125,3.66E+05,-3.71E-01
2.11875,3.64E+05,-3.65E-01
2.125,3.62E+05,-3.60E-01
2.13125,3.60E+05,-3.54E-01
2.1375,3.57E+05,-3.49E-01
2.14375,3.55E+05,-3.43E-01
2.15,3.53E+05,-3.38E-01
2.15625,3.51E+05,-3.33E-01
2.1625,3.48E+05,-3.28E-01
2.16875,3.46E+05,-3.24E-01
2.175,3.44E+05,-3.19E-01
2.18125,3.42E+05,-3.14E-01
2.1875,3.40E+05,-3.10E-01
2.19375,3.37E+05,-3.05E-01
2.2,3.35E+05,-3.01E-01
2.20625,3.33E+05,-2.97E-01
2.2125,3.31E+05,-2.93E-01
2.21875,3.29E+05,-2.89E-01
2.225,3.27E+05,-2.85E-01
2.23125,3.24E+05,-2.81E-01
2.2375,3.22E+05,-2.77E-01
2.24375,3.20E+05,-2.74E-01
2.25,3.18E+05,-2.70E-01
2.25625,3.16E+05,-2.67E-01
2.2625,3.14E+05,-2.64E-01
2.26875,3.12E+05,-2.60E-01
2.275,3.10E+05,-2.57E-01
2.28125,3.08E+05,-2.54E-01
2.2875,3.06E+05,-2.51E-01
2.29375,3.04E+05,-2.48E-01
2.3,3.02E+05,-2.45E-01
2.30625,3.00E+05,-2.42E-01
2.3125,2.98E+05,-2.40E-01
2.31875,2.96E+05,-2.37E-01
2.325,2.94E+05,-2.35E-01
2.33125,2.92E+05,-2.32E-01
2.3375,2.90E+05,-2.30E-01
2.34375,2.88E+05,-2.28E-01
2.35,2.86E+05,-2.26E-01
2.35625,2.84E+05,-2.23E-01
2.3625,2.82E+05,-2.21E-01
2.36875,2.80E+05,-2.20E-01
2.375,2.78E+05,-2.18E-01
2.38125,2.77E+05,-2.16E-01
2.3875,2.75E+05,-2.14E-01
2.39375,2.73E+05,-2.12E-01
2.4,2.71E+05,-2.10E-01
2.40625,2.70E+05,-2.09E-01
2.4125,2.68E+05,-2.07E-01
2.41875,2.66E+05,-2.06E-01
2.425,2.64E+05,-2.04E-01
2.43125,2.63E+05,-2.03E-01
2.4375,2.61E+05,-2.02E-01
2.44375,2.59E+05,-2.01E-01
2.45,2.58E+05,-2.00E-01
2.45625,2.56E+05,-1.98E-01
2.4625,2.55E+05,-1.98E-01
2.46875,2.53E+05,-1.97E-01
2.475,2.51E+05,-1.96E-01
2.48125,2.50E+05,-1.95E-01
2.4875,2.48E+05,-1.95E-01
2.49375,2.46E+05,-1.94E-01
2.5,2.45E+05,-1.94E-01
2.50625,2.43E+05,-1.93E-01
2.5125,2.42E+05,-1.93E-01
2.51875,2.40E+05,-1.92E-01
2.525,2.39E+05,-1.92E-01
2.53125,2.37E+05,-1.91E-01
2.5375,2.36E+05,-1.91E-01
2.54375,2.35E+05,-1.91E-01
2.55,2.33E+05,-1.91E-01
2.55625,2.32E+05,-1.91E-01
2.5625,2.30E+05,-1.90E-01
2.56875,2.29E+05,-1.90E-01
2.575,2.28E+05,-1.91E-01
2.58125,2.26E+05,-1.91E-01
2.5875,2.25E+05,-1.91E-01
2.59375,2.23E+05,-1.91E-01
2.6,2.22E+05,-1.91E-01
2.60625,2.21E+05,-1.91E-01
2.6125,2.20E+05,-1.91E-01
2.61875,2.18E+05,-1.92E-01
2.625,2.17E+05,-1.92E-01
2.63125,2.16E+05,-1.93E-01
2.6375,2.14E+05,-1.93E-01
2.64375,2.13E+05,-1.94E-01
2.65,2.12E+05,-1.94E-01
2.65625,2.11E+05,-1.95E-01
2.6625,2.10E+05,-1.96E-01
2.66875,2.08E+05,-1.97E-01
2.675,2.07E+05,-1.97E-01
2.68125,2.06E+05,-1.98E-01
2.6875,2.05E+05,-1.99E-01
2.69375,2.04E+05,-2.00E-01
2.7,2.03E+05,-2.01E-01
2.70625,2.02E+05,-2.02E-01
2.7125,2.00E+05,-2.03E-01
2.71875,1.99E+05,-2.04E-01
2.725,1.98E+05,-2.05E-01
2.73125,1.97E+05,-2.06E-01
2.7375,1.96E+05,-2.08E-01
2.74375,1.95E+05,-2.09E-01
2.75,1.94E+05,-2.10E-01
2.75625,1.93E+05,-2.11E-01
2.7625,1.92E+05,-2.13E-01
2.76875,1.91E+05,-2.14E-01
2.775,1.90E+05,-2.16E-01
2.78125,1.89E+05,-2.17E-01
2.7875,1.88E+05,-2.19E-01
2.79375,1.87E+05,-2.20E-01
2.8,1.87E+05,-2.22E-01
2.80625,1.86E+05,-2.24E-01
2.8125,1.85E+05,-2.25E-01
2.81875,1.84E+05,-2.27E-01
2.825,1.83E+05,-2.29E-01
2.83125,1.82E+05,-2.30E-01
2.8375,1.81E+05,-2.32E-01
2.84375,1.81E+05,-2.34E-01
2.85,1.80E+05,-2.36E-01
2.85625,1.79E+05,-2.39E-01
2.8625,1.78E+05,-2.40E-01
2.86875,1.78E+05,-2.42E-01
2.875,1.77E+05,-2.44E-01
2.88125,1.76E+05,-2.47E-01
2.8875,1.75E+05,-2.49E-01
2.89375,1.75E+05,-2.51E-01
2.9,1.74E+05,-2.53E-01
2.90625,1.73E+05,-2.55E-01
2.9125,1.73E+05,-2.57E-01
2.91875,1.72E+05,-2.59E-01
2.925,1.72E+05,-2.61E-01
2.93125,1.71E+05,-2.63E-01
2.9375,1.70E+05,-2.65E-01
2.94375,1.70E+05,-2.67E-01
2.95,1.69E+05,-2.69E-01
2.95625,1.69E+05,-2.72E-01
2.9625,1.68E+05,-2.74E-01
2.96875,1.68E+05,-2.76E-01
2.975,1.67E+05,-2.78E-01
2.98125,1.67E+05,-2.80E-01
2.9875,1.66E+05,-2.82E-01
2.99375,1.66E+05,-2.84E-01
3,1.65E+05,-2.86E-01
3.00625,1.65E+05,-2.88E-01
3.0125,1.65E+05,-2.90E-01
3.01875,1.64E+05,-2.92E-01
3.025,1.64E+05,-2.94E-01
3.03125,1.63E+05,-2.96E-01
3.0375,1.63E+05,-2.98E-01
3.04375,1.63E+05,-2.99E-01
3.05,1.62E+05,-3.01E-01
3.05625,1.62E+05,-3.03E-01
3.0625,1.62E+05,-3.04E-01
3.06875,1.62E+05,-3.05E-01
3.075,1.61E+05,-3.07E-01
3.08125,1.61E+05,-3.08E-01
3.0875,1.61E+05,-3.09E-01
3.09375,1.60E+05,-3.11E-01
3.1,1.60E+05,-3.12E-01
3.10625,1.60E+05,-3.13E-01
3.1125,1.60E+05,-3.13E-01
3.11875,1.59E+05,-3.14E-01
3.125,1.59E+05,-3.15E-01
3.13125,1.59E+05,-3.16E-01
3.1375,1.59E+05,-3.16E-01
3.14375,1.58E+05,-3.17E-01
3.15,1.58E+05,-3.18E-01
3.15625,1.58E+05,-3.18E-01
3.1625,1.58E+05,-3.18E-01
3.16875,1.58E+05,-3.18E-01
3.175,1.57E+05,-3.19E-01
3.18125,1.57E+05,-3.19E-01
3.1875,1.57E+05,-3.19E-01
3.19375,1.57E+05,-3.18E-01
3.2,1.56E+05,-3.18E-01
3.20625,1.56E+05,-3.18E-01
3.2125,1.56E+05,-3.18E-01
3.21875,1.56E+05,-3.17E-01
3.225,1.55E+05,-3.17E-01
3.23125,1.55E+05,-3.16E-01
3.2375,1.55E+05,-3.15E-01
3.24375,1.55E+05,-3.14E-01
3.25,1.54E+05,-3.14E-01
3.25625,1.54E+05,-3.13E-01
3.2625,1.54E+05,-3.12E-01
3.26875,1.54E+05,-3.11E-01
3.275,1.53E+05,-3.10E-01
3.28125,1.53E+05,-3.09E-01
3.2875,1.53E+05,-3.08E-01
3.29375,1.52E+05,-3.06E-01
3.3,1.52E+05,-3.05E-01
3.30625,1.52E+05,-3.04E-01
3.3125,1.51E+05,-3.03E-01
3.31875,1.51E+05,-3.02E-01
3.325,1.51E+05,-3.00E-01
3.33125,1.50E+05,-2.99E-01
3.3375,1.50E+05,-2.98E-01
3.34375,1.49E+05,-2.97E-01
3.35,1.49E+05,-2.95E-01
3.35625,1.49E+05,-2.94E-01
3.3625,1.48E+05,-2.93E-01
3.36875,1.48E+05,-2.91E-01
3.375,1.47E+05,-2.90E-01
3.38125,1.47E+05,-2.88E-01
3.3875,1.47E+05,-2.87E-01
3.39375,1.46E+05,-2.85E-01
3.4,1.46E+05,-2.84E-01
3.40625,1.45E+05,-2.83E-01
3.4125,1.45E+05,-2.82E-01
3.41875,1.44E+05,-2.80E-01
3.425,1.44E+05,-2.79E-01
3.43125,1.43E+05,-2.78E-01
3.4375,1.43E+05,-2.77E-01
3.44375,1.42E+05,-2.76E-01
3.45,1.42E+05,-2.74E-01
3.45625,1.41E+05,-2.73E-01
3.4625,1.41E+05,-2.72E-01
3.46875,1.40E+05,-2.71E-01
3.475,1.40E+05,-2.70E-01
3.48125,1.39E+05,-2.69E-01
3.4875,1.39E+05,-2.68E-01
3.49375,1.38E+05,-2.67E-01
3.5,1.37E+05,-2.67E-01
3.50625,1.37E+05,-2.66E-01
3.5125,1.36E+05,-2.65E-01
3.51875,1.36E+05,-2.64E-01
3.525,1.35E+05,-2.63E-01
3.53125,1.35E+05,-2.62E-01
3.5375,1.34E+05,-2.61E-01
3.54375,1.34E+05,-2.61E-01
3.55,1.33E+05,-2.60E-01
3.55625,1.33E+05,-2.59E-01
3.5625,1.32E+05,-2.59E-01
3.56875,1.31E+05,-2.58E-01
3.575,1.31E+05,-2.58E-01
3.58125,1.30E+05,-2.57E-01
3.5875,1.30E+05,-2.57E-01
3.59375,1.29E+05,-2.56E-01
3.6,1.29E+05,-2.56E-01
3.60625,1.28E+05,-2.56E-01
3.6125,1.28E+05,-2.55E-01
3.61875,1.27E+05,-2.55E-01
3.625,1.27E+05,-2.55E-01
3.63125,1.26E+05,-2.55E-01
3.6375,1.25E+05,-2.54E-01
3.64375,1.25E+05,-2.54E-01
3.65,1.24E+05,-2.54E-01
3.65625,1.24E+05,-2.54E-01
3.6625,1.23E+05,-2.54E-01
3.66875,1.23E+05,-2.54E-01
3.675,1.22E+05,-2.54E-01
3.68125,1.22E+05,-2.54E-01
3.6875,1.21E+05,-2.54E-01
3.69375,1.21E+05,-2.54E-01
3.7,1.20E+05,-2.55E-01
3.70625,1.20E+05,-2.55E-01
3.7125,1.19E+05,-2.55E-01
3.71875,1.19E+05,-2.56E-01
3.725,1.18E+05,-2.56E-01
3.73125,1.18E+05,-2.56E-01
3.7375,1.17E+05,-2.57E-01
3.74375,1.17E+05,-2.57E-01
3.75,1.16E+05,-2.58E-01
3.75625,1.16E+05,-2.58E-01
3.7625,1.15E+05,-2.59E-01
3.76875,1.15E+05,-2.60E-01
3.775,1.14E+05,-2.60E-01
3.78125,1.14E+05,-2.61E-01
3.7875,1.13E+05,-2.62E-01
3.79375,1.13E+05,-2.62E-01
3.8,1.13E+05,-2.63E-01
3.80625,1.12E+05,-2.63E-01
3.8125,1.12E+05,-2.64E-01
3.81875,1.11E+05,-2.65E-01
3.825,1.11E+05,-2.66E-01
3.83125,1.10E+05,-2.67E-01
3.8375,1.10E+05,-2.68E-01
3.84375,1.09E+05,-2.69E-01
3.85,1.09E+05,-2.70E-01
3.85625,1.09E+05,-2.71E-01
3.8625,1.08E+05,-2.72E-01
3.86875,1.08E+05,-2.73E-01
3.875,1.07E+05,-2.75E-01
3.88125,1.07E+05,-2.76E-01
3.8875,1.07E+05,-2.77E-01
3.89375,1.06E+05,-2.78E-01
3.9,1.06E+05,-2.79E-01
3.90625,1.05E+05,-2.80E-01
3.9125,1.05E+05,-2.82E-01
3.91875,1.05E+05,-2.83E-01
3.925,1.04E+05,-2.84E-01
3.93125,1.04E+05,-2.85E-01
3.9375,1.04E+05,-2.87E-01
3.94375,1.03E+05,-2.88E-01
3.95,1.03E+05,-2.89E-01
3.95625,1.03E+05,-2.91E-01
3.9625,1.02E+05,-2.93E-01
3.96875,1.02E+05,-2.94E-01
3.975,1.02E+05,-2.95E-01
3.98125,1.01E+05,-2.97E-01
3.9875,1.01E+05,-2.98E-01
3.99375,1.01E+05,-3.00E-01
4,1.00E+05,-3.01E-01
4.00625,1.00E+05,-3.03E-01
4.0125,9.97E+04,-3.04E-01
4.01875,9.94E+04,-3.05E-01
4.025,9.91E+04,-3.07E-01
4.03125,9.89E+04,-3.09E-01
4.0375,9.85E+04,-3.10E-01
4.04375,9.82E+04,-3.12E-01
4.05,9.80E+04,-3.13E-01
4.05625,9.77E+04,-3.15E-01
4.0625,9.75E+04,-3.16E-01
4.06875,9.72E+04,-3.18E-01
4.075,9.70E+04,-3.19E-01
4.08125,9.68E+04,-3.20E-01
4.0875,9.65E+04,-3.21E-01
4.09375,9.63E+04,-3.23E-01
4.1,9.60E+04,-3.24E-01
4.10625,9.58E+04,-3.25E-01
4.1125,9.56E+04,-3.26E-01
4.11875,9.54E+04,-3.28E-01
4.125,9.52E+04,-3.29E-01
4.13125,9.50E+04,-3.30E-01
4.1375,9.48E+04,-3.31E-01
4.14375,9.46E+04,-3.32E-01
4.15,9.44E+04,-3.33E-01
4.15625,9.42E+04,-3.34E-01
4.1625,9.40E+04,-3.35E-01
4.16875,9.38E+04,-3.36E-01
4.175,9.36E+04,-3.37E-01
4.18125,9.34E+04,-3.38E-01
4.1875,9.33E+04,-3.38E-01
4.19375,9.31E+04,-3.39E-01
4.2,9.29E+04,-3.40E-01
4.20625,9.27E+04,-3.41E-01
4.2125,9.25E+04,-3.41E-01
4.21875,9.23E+04,-3.42E-01
4.225,9.22E+04,-3.42E-01
4.23125,9.20E+04,-3.43E-01
4.2375,9.18E+04,-3.43E-01
4.24375,9.16E+04,-3.43E-01
4.25,9.14E+04,-3.43E-01
4.25625,9.12E+04,-3.44E-01
4.2625,9.10E+04,-3.44E-01
4.26875,9.09E+04,-3.44E-01
4.275,9.07E+04,-3.45E-01
4.28125,9.05E+04,-3.45E-01
4.2875,9.03E+04,-3.45E-01
4.29375,9.01E+04,-3.45E-01
4.3,8.99E+04,-3.45E-01
4.30625,8.97E+04,-3.45E-01
4.3125,8.95E+04,-3.45E-01
4.31875,8.93E+04,-3.45E-01
4.325,8.91E+04,-3.45E-01
4.33125,8.89E+04,-3.45E-01
4.3375,8.87E+04,-3.45E-01
4.34375,8.85E+04,-3.45E-01
4.35,8.83E+04,-3.44E-01
4.35625,8.81E+04,-3.44E-01
4.3625,8.79E+04,-3.44E-01
4.36875,8.76E+04,-3.44E-01
4.375,8.74E+04,-3.44E-01
4.38125,8.72E+04,-3.44E-01
4.3875,8.70E+04,-3.44E-01
4.39375,8.68E+04,-3.44E-01
4.4,8.65E+04,-3.43E-01
4.40625,8.63E+04,-3.43E-01
4.4125,8.61E+04,-3.43E-01
4.41875,8.58E+04,-3.43E-01
4.425,8.56E+04,-3.43E-01
4.43125,8.54E+04,-3.43E-01
4.4375,8.51E+04,-3.43E-01
4.44375,8.49E+04,-3.43E-01
4.45,8.46E+04,-3.43E-01
4.45625,8.44E+04,-3.43E-01
4.4625,8.42E+04,-3.43E-01
4.46875,8.39E+04,-3.43E-01
4.475,8.37E+04,-3.43E-01
4.48125,8.34E+04,-3.43E-01
4.4875,8.32E+04,-3.43E-01
4.49375,8.29E+04,-3.43E-01
4.5,8.27E+04,-3.43E-01
4.50625,8.24E+04,-3.44E-01
4.5125,8.22E+04,-3.44E-01
4.51875,8.19E+04,-3.44E-01
4.525,8.16E+04,-3.44E-01
4.53125,8.14E+04,-3.45E-01
4.5375,8.11E+04,-3.45E-01
4.54375,8.09E+04,-3.45E-01
4.55,8.06E+04,-3.45E-01
4.55625,8.04E+04,-3.46E-01
4.5625,8.01E+04,-3.46E-01
4.56875,7.99E+04,-3.46E-01
4.575,7.96E+04,-3.47E-01
4.58125,7.94E+04,-3.48E-01
4.5875,7.91E+04,-3.48E-01
4.59375,7.89E+04,-3.48E-01
4.6,7.86E+04,-3.49E-01
4.60625,7.84E+04,-3.49E-01
4.6125,7.81E+04,-3.50E-01
4.61875,7.79E+04,-3.50E-01
4.625,7.77E+04,-3.51E-01
4.63125,7.74E+04,-3.52E-01
4.6375,7.72E+04,-3.52E-01
4.64375,7.69E+04,-3.53E-01
4.65,7.67E+04,-3.54E-01
4.65625,7.64E+04,-3.54E-01
4.6625,7.62E+04,-3.55E-01
4.66875,7.60E+04,-3.56E-01
4.675,7.57E+04,-3.57E-01
4.68125,7.55E+04,-3.58E-01
4.6875,7.53E+04,-3.58E-01
4.69375,7.50E+04,-3.59E-01
4.7,7.48E+04,-3.60E-01
4.70625,7.46E+04,-3.61E-01
4.7125,7.43E+04,-3.62E-01
4.71875,7.41E+04,-3.63E-01
4.725,7.39E+04,-3.64E-01
4.73125,7.37E+04,-3.65E-01
4.7375,7.34E+04,-3.66E-01
4.74375,7.32E+04,-3.67E-01
4.75,7.30E+04,-3.68E-01
4.75625,7.28E+04,-3.69E-01
4.7625,7.26E+04,-3.70E-01
4.76875,7.24E+04,-3.71E-01
4.775,7.21E+04,-3.72E-01
4.78125,7.19E+04,-3.73E-01
4.7875,7.17E+04,-3.75E-01
4.79375,7.15E+04,-3.76E-01
4.8,7.13E+04,-3.77E-01
4.80625,7.11E+04,-3.78E-01
4.8125,7.10E+04,-3.79E-01
4.81875,7.08E+04,-3.80E-01
4.825,7.06E+04,-3.82E-01
4.83125,7.04E+04,-3.83E-01
4.8375,7.02E+04,-3.84E-01
4.84375,7.00E+04,-3.85E-01
4.85,6.98E+04,-3.87E-01
4.85625,6.97E+04,-3.88E-01
4.8625,6.95E+04,-3.89E-01
4.86875,6.93E+04,-3.91E-01
4.875,6.91E+04,-3.92E-01
4.88125,6.90E+04,-3.93E-01
4.8875,6.88E+04,-3.95E-01
4.89375,6.86E+04,-3.96E-01
4.9,6.85E+04,-3.97E-01
4.90625,6.83E+04,-3.98E-01
4.9125,6.82E+04,-4.00E-01
4.91875,6.80E+04,-4.01E-01
4.925,6.79E+04,-4.02E-01
4.93125,6.77E+04,-4.03E-01
4.9375,6.76E+04,-4.05E-01
4.94375,6.74E+04,-4.06E-01
4.95,6.73E+04,-4.07E-01
4.95625,6.71E+04,-4.08E-01
4.9625,6.70E+04,-4.09E-01
4.96875,6.68E+04,-4.10E-01
4.975,6.67E+04,-4.11E-01
4.98125,6.66E+04,-4.13E-01
4.9875,6.65E+04,-4.14E-01
4.99375,6.63E+04,-4.15E-01
5,6.62E+04,-4.16E-01
5.00625,6.61E+04,-4.16E-01
5.0125,6.59E+04,-4.17E-01
5.01875,6.58E+04,-4.18E-01
5.025,6.57E+04,-4.19E-01
5.03125,6.56E+04,-4.20E-01
5.0375,6.54E+04,-4.21E-01
5.04375,6.53E+04,-4.21E-01
5.05,6.52E+04,-4.23E-01
5.05625,6.51E+04,-4.23E-01
5.0625,6.50E+04,-4.24E-01
5.06875,6.49E+04,-4.25E-01
5.075,6.47E+04,-4.26E-01
5.08125,6.46E+04,-4.26E-01
5.0875,6.45E+04,-4.27E-01
5.09375,6.44E+04,-4.28E-01
5.1,6.42E+04,-4.28E-01
5.10625,6.41E+04,-4.29E-01
5.1125,6.40E+04,-4.29E-01
5.11875,6.39E+04,-4.30E-01
5.125,6.37E+04,-4.30E-01
5.13125,6.36E+04,-4.31E-01
5.1375,6.35E+04,-4.31E-01
5.14375,6.33E+04,-4.32E-01
5.15,6.32E+04,-4.32E-01
5.15625,6.31E+04,-4.32E-01
5.1625,6.29E+04,-4.33E-01
5.16875,6.28E+04,-4.33E-01
5.175,6.27E+04,-4.33E-01
5.18125,6.25E+04,-4.34E-01
5.1875,6.24E+04,-4.34E-01
5.19375,6.23E+04,-4.35E-01
5.2,6.21E+04,-4.35E-01
5.20625,6.20E+04,-4.35E-01
5.2125,6.18E+04,-4.36E-01
5.21875,6.17E+04,-4.36E-01
5.225,6.16E+04,-4.37E-01
5.23125,6.14E+04,-4.37E-01
5.2375,6.13E+04,-4.38E-01
5.24375,6.11E+04,-4.38E-01
5.25,6.10E+04,-4.39E-01
5.25625,6.08E+04,-4.39E-01
5.2625,6.07E+04,-4.40E-01
5.26875,6.06E+04,-4.40E-01
5.275,6.04E+04,-4.40E-01
5.28125,6.02E+04,-4.41E-01
5.2875,6.01E+04,-4.42E-01
5.29375,6.00E+04,-4.43E-01
5.3,5.98E+04,-4.43E-01
5.30625,5.97E+04,-4.44E-01
5.3125,5.95E+04,-4.44E-01
5.31875,5.94E+04,-4.45E-01
5.325,5.92E+04,-4.46E-01
5.33125,5.91E+04,-4.46E-01
5.3375,5.89E+04,-4.47E-01
5.34375,5.88E+04,-4.48E-01
5.35,5.86E+04,-4.48E-01
5.35625,5.85E+04,-4.49E-01
5.3625,5.83E+04,-4.49E-01
5.36875,5.82E+04,-4.50E-01
5.375,5.80E+04,-4.51E-01
5.38125,5.79E+04,-4.51E-01
5.3875,5.78E+04,-4.52E-01
5.39375,5.76E+04,-4.53E-01
5.4,5.75E+04,-4.54E-01
5.40625,5.73E+04,-4.55E-01
5.4125,5.72E+04,-4.56E-01
5.41875,5.70E+04,-4.57E-01
5.425,5.69E+04,-4.58E-01
5.43125,5.67E+04,-4.59E-01
5.4375,5.66E+04,-4.60E-01
5.44375,5.64E+04,-4.60E-01
5.45,5.63E+04,-4.61E-01
5.45625,5.61E+04,-4.62E-01
5.4625,5.60E+04,-4.63E-01
5.46875,5.59E+04,-4.64E-01
5.475,5.57E+04,-4.65E-01
5.48125,5.56E+04,-4.67E-01
5.4875,5.55E+04,-4.68E-01
5.49375,5.53E+04,-4.69E-01
5.5,5.52E+04,-4.70E-01
5.50625,5.51E+04,-4.71E-01
5.5125,5.49E+04,-4.72E-01
5.51875,5.48E+04,-4.73E-01
5.525,5.47E+04,-4.75E-01
5.53125,5.45E+04,-4.76E-01
5.5375,5.44E+04,-4.77E-01
5.54375,5.43E+04,-4.78E-01
5.55,5.41E+04,-4.79E-01
5.55625,5.40E+04,-4.80E-01
5.5625,5.39E+04,-4.82E-01
5.56875,5.38E+04,-4.83E-01
5.575,5.37E+04,-4.84E-01
5.58125,5.35E+04,-4.85E-01
5.5875,5.34E+04,-4.86E-01
5.59375,5.33E+04,-4.88E-01
5.6,5.32E+04,-4.89E-01
5.60625,5.31E+04,-4.90E-01
5.6125,5.30E+04,-4.91E-01
5.61875,5.29E+04,-4.92E-01
5.625,5.27E+04,-4.94E-01
5.63125,5.26E+04,-4.95E-01
5.6375,5.25E+04,-4.96E-01
5.64375,5.24E+04,-4.97E-01
5.65,5.23E+04,-4.98E-01
5.65625,5.22E+04,-5.00E-01
5.6625,5.21E+04,-5.01E-01
5.66875,5.20E+04,-5.02E-01
5.675,5.19E+04,-5.03E-01
5.68125,5.18E+04,-5.04E-01
5.6875,5.17E+04,-5.06E-01
5.69375,5.17E+04,-5.07E-01
5.7,5.16E+04,-5.08E-01
5.70625,5.15E+04,-5.09E-01
5.7125,5.14E+04,-5.10E-01
5.71875,5.13E+04,-5.11E-01
5.725,5.12E+04,-5.12E-01
5.73125,5.11E+04,-5.13E-01
5.7375,5.10E+04,-5.14E-01
5.74375,5.09E+04,-5.15E-01
5.75,5.08E+04,-5.16E-01
5.75625,5.07E+04,-5.17E-01
5.7625,5.06E+04,-5.18E-01
5.76875,5.05E+04,-5.19E-01
5.775,5.04E+04,-5.19E-01
5.78125,5.04E+04,-5.20E-01
5.7875,5.03E+04,-5.21E-01
5.79375,5.02E+04,-5.22E-01
5.8,5.01E+04,-5.23E-01
5.80625,5.00E+04,-5.24E-01
5.8125,4.99E+04,-5.25E-01
5.81875,4.98E+04,-5.25E-01
5.825,4.97E+04,-5.26E-01
5.83125,4.96E+04,-5.27E-01
5.8375,4.96E+04,-5.28E-01
5.84375,4.95E+04,-5.29E-01
5.85,4.94E+04,-5.29E-01
5.85625,4.93E+04,-5.30E-01
5.8625,4.92E+04,-5.31E-01
5.86875,4.91E+04,-5.31E-01
5.875,4.90E+04,-5.32E-01
5.88125,4.89E+04,-5.33E-01
5.8875,4.88E+04,-5.34E-01
5.89375,4.87E+04,-5.34E-01
5.9,4.86E+04,-5.35E-01
5.90625,4.85E+04,-5.36E-01
5.9125,4.84E+04,-5.37E-01
5.91875,4.83E+04,-5.38E-01
5.925,4.82E+04,-5.38E-01
5.93125,4.81E+04,-5.39E-01
5.9375,4.80E+04,-5.40E-01
5.94375,4.79E+04,-5.41E-01
5.95,4.78E+04,-5.41E-01
5.95625,4.77E+04,-5.42E-01
5.9625,4.76E+04,-5.43E-01
5.96875,4.75E+04,-5.44E-01
5.975,4.74E+04,-5.45E-01
5.98125,4.73E+04,-5.46E-01
5.9875,4.72E+04,-5.46E-01
5.99375,4.71E+04,-5.47E-01
6,4.70E+04,-5.47E-01
6.00625,4.69E+04,-5.48E-01
6.0125,4.68E+04,-5.49E-01
6.01875,4.67E+04,-5.50E-01
6.025,4.66E+04,-5.51E-01
6.03125,4.65E+04,-5.52E-01
6.0375,4.64E+04,-5.53E-01
6.04375,4.64E+04,-5.54E-01
6.05,4.63E+04,-5.55E-01
6.05625,4.62E+04,-5.56E-01
6.0625,4.61E+04,-5.57E-01
6.06875,4.61E+04,-5.58E-01
6.075,4.60E+04,-5.58E-01
6.08125,4.59E+04,-5.59E-01
6.0875,4.58E+04,-5.60E-01
6.09375,4.58E+04,-5.61E-01
6.1,4.57E+04,-5.62E-01
6.10625,4.56E+04,-5.63E-01
6.1125,4.55E+04,-5.65E-01
6.11875,4.55E+04,-5.66E-01
6.125,4.54E+04,-5.67E-01
6.13125,4.53E+04,-5.68E-01
6.1375,4.52E+04,-5.69E-01
6.14375,4.52E+04,-5.70E-01
6.15,4.51E+04,-5.72E-01
6.15625,4.50E+04,-5.73E-01
6.1625,4.50E+04,-5.74E-01
6.16875,4.49E+04,-5.75E-01
6.175,4.48E+04,-5.76E-01
6.18125,4.47E+04,-5.77E-01
6.1875,4.47E+04,-5.79E-01
6.19375,4.46E+04,-5.80E-01
6.2,4.45E+04,-5.81E-01
6.20625,4.44E+04,-5.82E-01
6.2125,4.44E+04,-5.83E-01
6.21875,4.43E+04,-5.85E-01
6.225,4.42E+04,-5.86E-01
6.23125,4.42E+04,-5.88E-01
6.2375,4.41E+04,-5.88E-01
6.24375,4.40E+04,-5.90E-01
6.25,4.39E+04,-5.91E-01
6.25625,4.39E+04,-5.92E-01
6.2625,4.38E+04,-5.93E-01
6.26875,4.37E+04,-5.94E-01
6.275,4.37E+04,-5.96E-01
6.28125,4.36E+04,-5.97E-01
6.2875,4.35E+04,-5.98E-01
6.29375,4.35E+04,-5.99E-01
6.3,4.34E+04,-6.00E-01
6.30625,4.33E+04,-6.02E-01
6.3125,4.32E+04,-6.03E-01
6.31875,4.32E+04,-6.04E-01
6.325,4.31E+04,-6.05E-01
6.33125,4.30E+04,-6.06E-01
6.3375,4.30E+04,-6.07E-01
6.34375,4.29E+04,-6.08E-01
6.35,4.28E+04,-6.10E-01
6.35625,4.28E+04,-6.11E-01
6.3625,4.27E+04,-6.12E-01
6.36875,4.26E+04,-6.13E-01
6.375,4.25E+04,-6.14E-01
6.38125,4.25E+04,-6.15E-01
6.3875,4.24E+04,-6.17E-01
6.39375,4.23E+04,-6.18E-01
6.4,4.23E+04,-6.19E-01
6.40625,4.22E+04,-6.20E-01
6.4125,4.21E+04,-6.21E-01
6.41875,4.21E+04,-6.22E-01
6.425,4.20E+04,-6.23E-01
6.43125,4.19E+04,-6.24E-01
6.4375,4.19E+04,-6.25E-01
6.44375,4.18E+04,-6.26E-01
6.45,4.17E+04,-6.27E-01
6.45625,4.17E+04,-6.28E-01
6.4625,4.16E+04,-6.29E-01
6.46875,4.15E+04,-6.30E-01
6.475,4.15E+04,-6.31E-01
6.48125,4.14E+04,-6.31E-01
6.4875,4.13E+04,-6.32E-01
6.49375,4.13E+04,-6.33E-01
6.5,4.12E+04,-6.34E-01
6.50625,4.11E+04,-6.35E-01
6.5125,4.11E+04,-6.36E-01
6.51875,4.10E+04,-6.37E-01
6.525,4.09E+04,-6.38E-01
6.53125,4.09E+04,-6.39E-01
6.5375,4.08E+04,-6.40E-01
6.54375,4.07E+04,-6.41E-01
6.55,4.07E+04,-6.41E-01
6.55625,4.06E+04,-6.42E-01
6.5625,4.05E+04,-6.43E-01
6.56875,4.05E+04,-6.44E-01
6.575,4.04E+04,-6.45E-01
6.58125,4.03E+04,-6.46E-01
6.5875,4.03E+04,-6.47E-01
6.59375,4.02E+04,-6.48E-01
6.6,4.01E+04,-6.49E-01
6.60625,4.01E+04,-6.50E-01
6.6125,4.00E+04,-6.51E-01
6.61875,3.99E+04,-6.52E-01
6.625,3.99E+04,-6.53E-01
6.63125,3.98E+04,-6.54E-01
6.6375,3.98E+04,-6.55E-01
6.64375,3.97E+04,-6.56E-01
6.65,3.96E+04,-6.57E-01
6.65625,3.96E+04,-6.58E-01
6.6625,3.95E+04,-6.59E-01
6.66875,3.94E+04,-6.60E-01
6.675,3.94E+04,-6.61E-01
6.68125,3.93E+04,-6.63E-01
6.6875,3.92E+04,-6.64E-01
6.69375,3.92E+04,-6.65E-01
6.7,3.91E+04,-6.66E-01
6.70625,3.90E+04,-6.67E-01
6.7125,3.90E+04,-6.68E-01
6.71875,3.89E+04,-6.70E-01
6.725,3.89E+04,-6.71E-01
6.73125,3.88E+04,-6.72E-01
6.7375,3.87E+04,-6.73E-01
6.74375,3.87E+04,-6.74E-01
6.75,3.86E+04,-6.75E-01
6.75625,3.85E+04,-6.76E-01
6.7625,3.85E+04,-6.78E-01
6.76875,3.84E+04,-6.79E-01
6.775,3.84E+04,-6.80E-01
6.78125,3.83E+04,-6.81E-01
6.7875,3.82E+04,-6.82E-01
6.79375,3.82E+04,-6.84E-01
6.8,3.81E+04,-6.85E-01
6.80625,3.81E+04,-6.86E-01
6.8125,3.80E+04,-6.87E-01
6.81875,3.79E+04,-6.88E-01
6.825,3.79E+04,-6.90E-01
6.83125,3.78E+04,-6.91E-01
6.8375,3.77E+04,-6.92E-01
6.84375,3.77E+04,-6.93E-01
6.85,3.76E+04,-6.94E-01
6.85625,3.76E+04,-6.96E-01
6.8625,3.75E+04,-6.97E-01
6.86875,3.74E+04,-6.98E-01
6.875,3.74E+04,-7.00E-01
6.88125,3.73E+04,-7.01E-01
6.8875,3.73E+04,-7.02E-01
6.89375,3.72E+04,-7.04E-01
6.9,3.71E+04,-7.05E-01
6.90625,3.71E+04,-7.06E-01
6.9125,3.70E+04,-7.07E-01
6.91875,3.70E+04,-7.08E-01
6.925,3.69E+04,-7.09E-01
6.93125,3.68E+04,-7.11E-01
6.9375,3.68E+04,-7.12E-01
6.94375,3.67E+04,-7.13E-01
6.95,3.67E+04,-7.14E-01
6.95625,3.66E+04,-7.16E-01
6.9625,3.65E+04,-7.17E-01
6.96875,3.65E+04,-7.18E-01
6.975,3.64E+04,-7.19E-01
6.98125,3.64E+04,-7.20E-01
6.9875,3.63E+04,-7.21E-01
6.99375,3.62E+04,-7.23E-01
7,3.62E+04,-7.24E-01
7.00625,3.61E+04,-7.25E-01
7.0125,3.61E+04,-7.26E-01
7.01875,3.60E+04,-7.27E-01
7.025,3.60E+04,-7.28E-01
7.03125,3.59E+04,-7.29E-01
7.0375,3.58E+04,-7.30E-01
7.04375,3.58E+04,-7.31E-01
7.05,3.57E+04,-7.33E-01
7.05625,3.57E+04,-7.34E-01
7.0625,3.56E+04,-7.35E-01
7.06875,3.56E+04,-7.36E-01
7.075,3.55E+04,-7.36E-01
7.08125,3.54E+04,-7.37E-01
7.0875,3.54E+04,-7.39E-01
7.09375,3.53E+04,-7.39E-01
7.1,3.53E+04,-7.40E-01
7.10625,3.52E+04,-7.41E-01
7.1125,3.52E+04,-7.42E-01
7.11875,3.51E+04,-7.44E-01
7.125,3.50E+04,-7.45E-01
7.13125,3.50E+04,-7.46E-01
7.1375,3.49E+04,-7.47E-01
7.14375,3.49E+04,-7.48E-01
7.15,3.48E+04,-7.49E-01
7.15625,3.48E+04,-7.50E-01
7.1625,3.47E+04,-7.51E-01
7.16875,3.46E+04,-7.52E-01
7.175,3.46E+04,-7.54E-01
7.18125,3.45E+04,-7.55E-01
7.1875,3.45E+04,-7.56E-01
7.19375,3.44E+04,-7.57E-01
7.2,3.44E+04,-7.58E-01
7.20625,3.43E+04,-7.59E-01
7.2125,3.43E+04,-7.60E-01
7.21875,3.42E+04,-7.62E-01
7.225,3.41E+04,-7.63E-01
7.23125,3.41E+04,-7.64E-01
7.2375,3.40E+04,-7.65E-01
7.24375,3.40E+04,-7.67E-01
7.25,3.39E+04,-7.68E-01
7.25625,3.39E+04,-7.69E-01
7.2625,3.38E+04,-7.70E-01
7.26875,3.38E+04,-7.71E-01
7.275,3.37E+04,-7.72E-01
7.28125,3.36E+04,-7.73E-01
7.2875,3.36E+04,-7.75E-01
7.29375,3.35E+04,-7.76E-01
7.3,3.35E+04,-7.77E-01
7.30625,3.34E+04,-7.78E-01
7.3125,3.34E+04,-7.80E-01
7.31875,3.33E+04,-7.81E-01
7.325,3.33E+04,-7.82E-01
7.33125,3.32E+04,-7.83E-01
7.3375,3.32E+04,-7.85E-01
7.34375,3.31E+04,-7.86E-01
7.35,3.31E+04,-7.87E-01
7.35625,3.30E+04,-7.88E-01
7.3625,3.29E+04,-7.90E-01
7.36875,3.29E+04,-7.91E-01
7.375,3.28E+04,-7.92E-01
7.38125,3.28E+04,-7.93E-01
7.3875,3.27E+04,-7.95E-01
7.39375,3.27E+04,-7.96E-01
7.4,3.26E+04,-7.97E-01
7.40625,3.26E+04,-7.99E-01
7.4125,3.25E+04,-8.00E-01
7.41875,3.25E+04,-8.01E-01
7.425,3.24E+04,-8.02E-01
7.43125,3.24E+04,-8.04E-01
7.4375,3.23E+04,-8.05E-01
7.44375,3.23E+04,-8.06E-01
7.45,3.22E+04,-8.08E-01
7.45625,3.22E+04,-8.09E-01
7.4625,3.21E+04,-8.10E-01
7.46875,3.21E+04,-8.11E-01
7.475,3.20E+04,-8.13E-01
7.48125,3.20E+04,-8.14E-01
7.4875,3.19E+04,-8.15E-01
7.49375,3.18E+04,-8.16E-01
7.5,3.18E+04,-8.18E-01
7.50625,3.17E+04,-8.19E-01
7.5125,3.17E+04,-8.20E-01
7.51875,3.16E+04,-8.21E-01
7.525,3.16E+04,-8.23E-01
7.53125,3.15E+04,-8.24E-01
7.5375,3.15E+04,-8.25E-01
7.54375,3.14E+04,-8.26E-01
7.55,3.14E+04,-8.28E-01
7.55625,3.13E+04,-8.29E-01
7.5625,3.13E+04,-8.29E-01
7.56875,3.12E+04,-8.30E-01
7.575,3.12E+04,-8.32E-01
7.58125,3.11E+04,-8.33E-01
7.5875,3.11E+04,-8.34E-01
7.59375,3.10E+04,-8.35E-01
7.6,3.10E+04,-8.36E-01
7.60625,3.09E+04,-8.37E-01
7.6125,3.09E+04,-8.39E-01
7.61875,3.08E+04,-8.40E-01
7.625,3.08E+04,-8.41E-01
7.63125,3.07E+04,-8.42E-01
7.6375,3.07E+04,-8.43E-01
7.64375,3.06E+04,-8.44E-01
7.65,3.06E+04,-8.45E-01
7.65625,3.05E+04,-8.46E-01
7.6625,3.05E+04,-8.48E-01
7.66875,3.04E+04,-8.49E-01
7.675,3.04E+04,-8.50E-01
7.68125,3.03E+04,-8.51E-01
7.6875,3.03E+04,-8.52E-01
7.69375,3.02E+04,-8.53E-01
7.7,3.02E+04,-8.55E-01
7.70625,3.01E+04,-8.56E-01
7.7125,3.01E+04,-8.57E-01
7.71875,3.00E+04,-8.58E-01
7.725,3.00E+04,-8.60E-01
7.73125,2.99E+04,-8.61E-01
7.7375,2.99E+04,-8.62E-01
7.74375,2.99E+04,-8.63E-01
7.75,2.98E+04,-8.64E-01
7.75625,2.98E+04,-8.66E-01
7.7625,2.97E+04,-8.67E-01
7.76875,2.97E+04,-8.68E-01
7.775,2.96E+04,-8.70E-01
7.78125,2.96E+04,-8.71E-01
7.7875,2.95E+04,-8.72E-01
7.79375,2.95E+04,-8.73E-01
7.8,2.94E+04,-8.75E-01
7.80625,2.94E+04,-8.76E-01
7.8125,2.93E+04,-8.77E-01
7.81875,2.93E+04,-8.79E-01
7.825,2.92E+04,-8.80E-01
7.83125,2.92E+04,-8.81E-01
7.8375,2.91E+04,-8.83E-01
7.84375,2.91E+04,-8.84E-01
7.85,2.90E+04,-8.85E-01
7.85625,2.90E+04,-8.86E-01
7.8625,2.89E+04,-8.88E-01
7.86875,2.89E+04,-8.89E-01
7.875,2.89E+04,-8.90E-01
7.88125,2.88E+04,-8.91E-01
7.8875,2.88E+04,-8.93E-01
7.89375,2.87E+04,-8.94E-01
7.9,2.87E+04,-8.95E-01
7.90625,2.86E+04,-8.97E-01
7.9125,2.86E+04,-8.98E-01
7.91875,2.85E+04,-8.99E-01
7.925,2.85E+04,-9.01E-01
7.93125,2.84E+04,-9.02E-01
7.9375,2.84E+04,-9.03E-01
7.94375,2.83E+04,-9.04E-01
7.95,2.83E+04,-9.05E-01
7.95625,2.83E+04,-9.07E-01
7.9625,2.82E+04,-9.08E-01
7.96875,2.82E+04,-9.09E-01
7.975,2.81E+04,-9.10E-01
7.98125,2.81E+04,-9.12E-01
7.9875,2.80E+04,-9.13E-01
7.99375,2.80E+04,-9.14E-01
8,2.79E+04,-9.16E-01
8.00625,2.79E+04,-9.17E-01
8.0125,2.78E+04,-9.18E-01
8.01875,2.78E+04,-9.19E-01
8.025,2.78E+04,-9.21E-01
8.03125,2.77E+04,-9.22E-01
8.0375,2.77E+04,-9.23E-01
8.04375,2.76E+04,-9.25E-01
8.05,2.76E+04,-9.26E-01
8.05625,2.75E+04,-9.27E-01
8.0625,2.75E+04,-9.28E-01
8.06875,2.74E+04,-9.29E-01
8.075,2.74E+04,-9.31E-01
8.08125,2.74E+04,-9.32E-01
8.0875,2.73E+04,-9.33E-01
8.09375,2.73E+04,-9.35E-01
8.1,2.72E+04,-9.36E-01
8.10625,2.72E+04,-9.37E-01
8.1125,2.71E+04,-9.38E-01
8.11875,2.71E+04,-9.40E-01
8.125,2.70E+04,-9.41E-01
8.13125,2.70E+04,-9.42E-01
8.1375,2.70E+04,-9.43E-01
8.14375,2.69E+04,-9.45E-01
8.15,2.69E+04,-9.46E-01
8.15625,2.68E+04,-9.47E-01
8.1625,2.68E+04,-9.48E-01
8.16875,2.67E+04,-9.49E-01
8.175,2.67E+04,-9.50E-01
8.18125,2.67E+04,-9.52E-01
8.1875,2.66E+04,-9.53E-01
8.19375,2.66E+04,-9.54E-01
8.2,2.65E+04,-9.55E-01
8.20625,2.65E+04,-9.57E-01
8.2125,2.64E+04,-9.58E-01
8.21875,2.64E+04,-9.59E-01
8.225,2.64E+04,-9.61E-01
8.23125,2.63E+04,-9.62E-01
8.2375,2.63E+04,-9.63E-01
8.24375,2.62E+04,-9.64E-01
8.25,2.62E+04,-9.65E-01
8.25625,2.61E+04,-9.67E-01
8.2625,2.61E+04,-9.68E-01
8.26875,2.61E+04,-9.69E-01
8.275,2.60E+04,-9.70E-01
8.28125,2.60E+04,-9.72E-01
8.2875,2.59E+04,-9.73E-01
8.29375,2.59E+04,-9.74E-01
8.3,2.58E+04,-9.76E-01
8.30625,2.58E+04,-9.77E-01
8.3125,2.58E+04,-9.78E-01
8.31875,2.57E+04,-9.80E-01
8.325,2.57E+04,-9.81E-01
8.33125,2.56E+04,-9.82E-01
8.3375,2.56E+04,-9.84E-01
8.34375,2.56E+04,-9.85E-01
8.35,2.55E+04,-9.86E-01
8.35625,2.55E+04,-9.88E-01
8.3625,2.54E+04,-9.89E-01
8.36875,2.54E+04,-9.90E-01
8.375,2.54E+04,-9.92E-01
8.38125,2.53E+04,-9.93E-01
8.3875,2.53E+04,-9.94E-01
8.39375,2.52E+04,-9.96E-01
8.4,2.52E+04,-9.97E-01
8.40625,2.51E+04,-9.99E-01
8.4125,2.51E+04,-1.00E+00
8.41875,2.51E+04,-1.00E+00
8.425,2.50E+04,-1.00E+00
8.43125,2.50E+04,-1.00E+00
8.4375,2.49E+04,-1.01E+00
8.44375,2.49E+04,-1.01E+00
8.45,2.49E+04,-1.01E+00
8.45625,2.48E+04,-1.01E+00
8.4625,2.48E+04,-1.01E+00
8.46875,2.47E+04,-1.01E+00
8.475,2.47E+04,-1.01E+00
8.48125,2.47E+04,-1.01E+00
8.4875,2.46E+04,-1.02E+00
8.49375,2.46E+04,-1.02E+00
8.5,2.45E+04,-1.02E+00
8.50625,2.45E+04,-1.02E+00
8.5125,2.45E+04,-1.02E+00
8.51875,2.44E+04,-1.02E+00
8.525,2.44E+04,-1.02E+00
8.53125,2.43E+04,-1.02E+00
8.5375,2.43E+04,-1.03E+00
8.54375,2.43E+04,-1.03E+00
8.55,2.42E+04,-1.03E+00
8.55625,2.42E+04,-1.03E+00
8.5625,2.41E+04,-1.03E+00
8.56875,2.41E+04,-1.03E+00
8.575,2.41E+04,-1.03E+00
8.58125,2.40E+04,-1.03E+00
8.5875,2.40E+04,-1.04E+00
8.59375,2.40E+04,-1.04E+00
8.6,2.39E+04,-1.04E+00
8.60625,2.39E+04,-1.04E+00
8.6125,2.38E+04,-1.04E+00
8.61875,2.38E+04,-1.04E+00
8.625,2.38E+04,-1.04E+00
8.63125,2.37E+04,-1.04E+00
8.6375,2.37E+04,-1.05E+00
8.64375,2.36E+04,-1.05E+00
8.65,2.36E+04,-1.05E+00
8.65625,2.36E+04,-1.05E+00
8.6625,2.35E+04,-1.05E+00
8.66875,2.35E+04,-1.05E+00
8.675,2.35E+04,-1.05E+00
8.68125,2.34E+04,-1.05E+00
8.6875,2.34E+04,-1.06E+00
8.69375,2.33E+04,-1.06E+00
8.7,2.33E+04,-1.06E+00
8.70625,2.33E+04,-1.06E+00
8.7125,2.32E+04,-1.06E+00
8.71875,2.32E+04,-1.06E+00
8.725,2.32E+04,-1.06E+00
8.73125,2.31E+04,-1.07E+00
8.7375,2.31E+04,-1.07E+00
8.74375,2.30E+04,-1.07E+00
8.75,2.30E+04,-1.07E+00
8.75625,2.30E+04,-1.07E+00
8.7625,2.29E+04,-1.07E+00
8.76875,2.29E+04,-1.07E+00
8.775,2.29E+04,-1.07E+00
8.78125,2.28E+04,-1.08E+00
8.7875,2.28E+04,-1.08E+00
8.79375,2.27E+04,-1.08E+00
8.8,2.27E+04,-1.08E+00
8.80625,2.27E+04,-1.08E+00
8.8125,2.26E+04,-1.08E+00
8.81875,2.26E+04,-1.08E+00
8.825,2.26E+04,-1.09E+00
8.83125,2.25E+04,-1.09E+00
8.8375,2.25E+04,-1.09E+00
8.84375,2.25E+04,-1.09E+00
8.85,2.24E+04,-1.09E+00
8.85625,2.24E+04,-1.09E+00
8.8625,2.23E+04,-1.09E+00
8.86875,2.23E+04,-1.09E+00
8.875,2.23E+04,-1.10E+00
8.88125,2.22E+04,-1.10E+00
8.8875,2.22E+04,-1.10E+00
8.89375,2.22E+04,-1.10E+00
8.9,2.21E+04,-1.10E+00
8.90625,2.21E+04,-1.10E+00
8.9125,2.21E+04,-1.10E+00
8.91875,2.20E+04,-1.11E+00
8.925,2.20E+04,-1.11E+00
8.93125,2.20E+04,-1.11E+00
8.9375,2.19E+04,-1.11E+00
8.94375,2.19E+04,-1.11E+00
8.95,2.18E+04,-1.11E+00
8.95625,2.18E+04,-1.11E+00
8.9625,2.18E+04,-1.11E+00
8.96875,2.17E+04,-1.12E+00
8.975,2.17E+04,-1.12E+00
8.98125,2.17E+04,-1.12E+00
8.9875,2.16E+04,-1.12E+00
8.99375,2.16E+04,-1.12E+00
9,2.16E+04,-1.12E+00
9.00625,2.15E+04,-1.12E+00
9.0125,2.15E+04,-1.12E+00
9.01875,2.15E+04,-1.13E+00
9.025,2.14E+04,-1.13E+00
9.03125,2.14E+04,-1.13E+00
9.0375,2.14E+04,-1.13E+00
9.04375,2.13E+04,-1.13E+00
9.05,2.13E+04,-1.13E+00
9.05625,2.13E+04,-1.13E+00
9.0625,2.12E+04,-1.14E+00
9.06875,2.12E+04,-1.14E+00
9.075,2.11E+04,-1.14E+00
9.08125,2.11E+04,-1.14E+00
9.0875,2.11E+04,-1.14E+00
9.09375,2.10E+04,-1.14E+00
9.1,2.10E+04,-1.14E+00
9.10625,2.10E+04,-1.14E+00
9.1125,2.09E+04,-1.15E+00
9.11875,2.09E+04,-1.15E+00
9.125,2.09E+04,-1.15E+00
9.13125,2.08E+04,-1.15E+00
9.1375,2.08E+04,-1.15E+00
9.14375,2.08E+04,-1.15E+00
9.15,2.07E+04,-1.15E+00
9.15625,2.07E+04,-1.16E+00
9.1625,2.07E+04,-1.16E+00
9.16875,2.06E+04,-1.16E+00
9.175,2.06E+04,-1.16E+00
9.18125,2.06E+04,-1.16E+00
9.1875,2.05E+04,-1.16E+00
9.19375,2.05E+04,-1.16E+00
9.2,2.05E+04,-1.16E+00
9.20625,2.04E+04,-1.17E+00
9.2125,2.04E+04,-1.17E+00
9.21875,2.04E+04,-1.17E+00
9.225,2.03E+04,-1.17E+00
9.23125,2.03E+04,-1.17E+00
9.2375,2.03E+04,-1.17E+00
9.24375,2.02E+04,-1.17E+00
9.25,2.02E+04,-1.18E+00
9.25625,2.02E+04,-1.18E+00
9.2625,2.01E+04,-1.18E+00
9.26875,2.01E+04,-1.18E+00
9.275,2.01E+04,-1.18E+00
9.28125,2.00E+04,-1.18E+00
9.2875,2.00E+04,-1.18E+00
9.29375,2.00E+04,-1.18E+00
9.3,2.00E+04,-1.19E+00
9.30625,1.99E+04,-1.19E+00
9.3125,1.99E+04,-1.19E+00
9.31875,1.99E+04,-1.19E+00
9.325,1.98E+04,-1.19E+00
9.33125,1.98E+04,-1.19E+00
9.3375,1.98E+04,-1.19E+00
9.34375,1.97E+04,-1.20E+00
9.35,1.97E+04,-1.20E+00
9.35625,1.97E+04,-1.20E+00
9.3625,1.96E+04,-1.20E+00
9.36875,1.96E+04,-1.20E+00
9.375,1.96E+04,-1.20E+00
9.38125,1.95E+04,-1.20E+00
9.3875,1.95E+04,-1.20E+00
9.39375,1.95E+04,-1.21E+00
9.4,1.94E+04,-1.21E+00
9.40625,1.94E+04,-1.21E+00
9.4125,1.94E+04,-1.21E+00
9.41875,1.93E+04,-1.21E+00
9.425,1.93E+04,-1.21E+00
9.43125,1.93E+04,-1.21E+00
9.4375,1.93E+04,-1.22E+00
9.44375,1.92E+04,-1.22E+00
9.45,1.92E+04,-1.22E+00
9.45625,1.92E+04,-1.22E+00
9.4625,1.91E+04,-1.22E+00
9.46875,1.91E+04,-1.22E+00
9.475,1.91E+04,-1.22E+00
9.48125,1.90E+04,-1.22E+00
9.4875,1.90E+04,-1.23E+00
9.49375,1.90E+04,-1.23E+00
9.5,1.89E+04,-1.23E+00
9.50625,1.89E+04,-1.23E+00
9.5125,1.89E+04,-1.23E+00
9.51875,1.89E+04,-1.23E+00
9.525,1.88E+04,-1.23E+00
9.53125,1.88E+04,-1.24E+00
9.5375,1.88E+04,-1.24E+00
9.54375,1.87E+04,-1.24E+00
9.55,1.87E+04,-1.24E+00
9.55625,1.87E+04,-1.24E+00
9.5625,1.86E+04,-1.24E+00
9.56875,1.86E+04,-1.24E+00
9.575,1.86E+04,-1.24E+00
9.58125,1.86E+04,-1.25E+00
9.5875,1.85E+04,-1.25E+00
9.59375,1.85E+04,-1.25E+00
9.6,1.85E+04,-1.25E+00
9.60625,1.84E+04,-1.25E+00
9.6125,1.84E+04,-1.25E+00
9.61875,1.84E+04,-1.25E+00
9.625,1.83E+04,-1.25E+00
9.63125,1.83E+04,-1.26E+00
9.6375,1.83E+04,-1.26E+00
9.64375,1.83E+04,-1.26E+00
9.65,1.82E+04,-1.26E+00
9.65625,1.82E+04,-1.26E+00
9.6625,1.82E+04,-1.26E+00
9.66875,1.81E+04,-1.26E+00
9.675,1.81E+04,-1.27E+00
9.68125,1.81E+04,-1.27E+00
9.6875,1.80E+04,-1.27E+00
9.69375,1.80E+04,-1.27E+00
9.7,1.80E+04,-1.27E+00
9.70625,1.80E+04,-1.27E+00
9.7125,1.79E+04,-1.27E+00
9.71875,1.79E+04,-1.28E+00
9.725,1.79E+04,-1.28E+00
9.73125,1.78E+04,-1.28E+00
9.7375,1.78E+04,-1.28E+00
9.74375,1.78E+04,-1.28E+00
9.75,1.78E+04,-1.28E+00
9.75625,1.77E+04,-1.28E+00
9.7625,1.77E+04,-1.28E+00
9.76875,1.77E+04,-1.29E+00
9.775,1.76E+04,-1.29E+00
9.78125,1.76E+04,-1.29E+00
9.7875,1.76E+04,-1.29E+00
9.79375,1.76E+04,-1.29E+00
9.8,1.75E+04,-1.29E+00
9.80625,1.75E+04,-1.29E+00
9.8125,1.75E+04,-1.30E+00
9.81875,1.74E+04,-1.30E+00
9.825,1.74E+04,-1.30E+00
9.83125,1.74E+04,-1.30E+00
9.8375,1.74E+04,-1.30E+00
9.84375,1.73E+04,-1.30E+00
9.85,1.73E+04,-1.30E+00
9.85625,1.73E+04,-1.30E+00
9.8625,1.72E+04,-1.31E+00
9.86875,1.72E+04,-1.31E+00
9.875,1.72E+04,-1.31E+00
9.88125,1.72E+04,-1.31E+00
9.8875,1.71E+04,-1.31E+00
9.89375,1.71E+04,-1.31E+00
9.9,1.71E+04,-1.31E+00
9.90625,1.71E+04,-1.32E+00
9.9125,1.70E+04,-1.32E+00
9.91875,1.70E+04,-1.32E+00
9.925,1.70E+04,-1.32E+00
9.93125,1.69E+04,-1.32E+00
9.9375,1.69E+04,-1.32E+00
9.94375,1.69E+04,-1.32E+00
9.95,1.69E+04,-1.32E+00
9.95625,1.68E+04,-1.33E+00
9.9625,1.68E+04,-1.33E+00
9.96875,1.68E+04,-1.33E+00
9.975,1.68E+04,-1.33E+00
9.98125,1.67E+04,-1.33E+00
9.9875,1.67E+04,-1.33E+00
9.99375,1.67E+04,-1.33E+00
10,1.66E+04,-1.34E+00
10.00625,1.66E+04,-1.34E+00
10.0125,1.66E+04,-1.34E+00
10.01875,1.66E+04,-1.34E+00
10.025,1.65E+04,-1.34E+00
10.03125,1.65E+04,-1.34E+00
10.0375,1.65E+04,-1.34E+00
10.04375,1.65E+04,-1.34E+00
10.05,1.64E+04,-1.35E+00
10.05625,1.64E+04,-1.35E+00
10.0625,1.64E+04,-1.35E+00
10.06875,1.64E+04,-1.35E+00
10.075,1.63E+04,-1.35E+00
10.08125,1.63E+04,-1.35E+00
10.0875,1.63E+04,-1.35E+00
10.09375,1.62E+04,-1.36E+00
10.1,1.62E+04,-1.36E+00
10.10625,1.62E+04,-1.36E+00
10.1125,1.62E+04,-1.36E+00
10.11875,1.61E+04,-1.36E+00
10.125,1.61E+04,-1.36E+00
10.13125,1.61E+04,-1.36E+00
10.1375,1.61E+04,-1.36E+00
10.14375,1.60E+04,-1.37E+00
10.15,1.60E+04,-1.37E+00
10.15625,1.60E+04,-1.37E+00
10.1625,1.60E+04,-1.37E+00
10.16875,1.59E+04,-1.37E+00
10.175,1.59E+04,-1.37E+00
10.18125,1.59E+04,-1.37E+00
10.1875,1.59E+04,-1.38E+00
10.19375,1.58E+04,-1.38E+00
10.2,1.58E+04,-1.38E+00
10.20625,1.58E+04,-1.38E+00
10.2125,1.58E+04,-1.38E+00
10.21875,1.57E+04,-1.38E+00
10.225,1.57E+04,-1.38E+00
10.23125,1.57E+04,-1.38E+00
10.2375,1.57E+04,-1.39E+00
10.24375,1.56E+04,-1.39E+00
10.25,1.56E+04,-1.39E+00
10.25625,1.56E+04,-1.39E+00
10.2625,1.56E+04,-1.39E+00
10.26875,1.55E+04,-1.39E+00
10.275,1.55E+04,-1.39E+00
10.28125,1.55E+04,-1.40E+00
10.2875,1.55E+04,-1.40E+00
10.29375,1.54E+04,-1.40E+00
10.3,1.54E+04,-1.40E+00
10.30625,1.54E+04,-1.40E+00
10.3125,1.54E+04,-1.40E+00
10.31875,1.53E+04,-1.40E+00
10.325,1.53E+04,-1.40E+00
10.33125,1.53E+04,-1.41E+00
10.3375,1.53E+04,-1.41E+00
10.34375,1.52E+04,-1.41E+00
10.35,1.52E+04,-1.41E+00
10.35625,1.52E+04,-1.41E+00
10.3625,1.52E+04,-1.41E+00
10.36875,1.51E+04,-1.41E+00
10.375,1.51E+04,-1.42E+00
10.38125,1.51E+04,-1.42E+00
10.3875,1.51E+04,-1.42E+00
10.39375,1.50E+04,-1.42E+00
10.4,1.50E+04,-1.42E+00
10.40625,1.50E+04,-1.42E+00
10.4125,1.50E+04,-1.42E+00
10.41875,1.49E+04,-1.42E+00
10.425,1.49E+04,-1.43E+00
10.43125,1.49E+04,-1.43E+00
10.4375,1.49E+04,-1.43E+00
10.44375,1.48E+04,-1.43E+00
10.45,1.48E+04,-1.43E+00
10.45625,1.48E+04,-1.43E+00
10.4625,1.48E+04,-1.43E+00
10.46875,1.47E+04,-1.44E+00
10.475,1.47E+04,-1.44E+00
10.48125,1.47E+04,-1.44E+00
10.4875,1.47E+04,-1.44E+00
10.49375,1.46E+04,-1.44E+00
10.5,1.46E+04,-1.44E+00
10.50625,1.46E+04,-1.44E+00
10.5125,1.46E+04,-1.44E+00
10.51875,1.46E+04,-1.45E+00
10.525,1.45E+04,-1.45E+00
10.53125,1.45E+04,-1.45E+00
10.5375,1.45E+04,-1.45E+00
10.54375,1.45E+04,-1.45E+00
10.55,1.44E+04,-1.45E+00
10.55625,1.44E+04,-1.45E+00
10.5625,1.44E+04,-1.46E+00
10.56875,1.44E+04,-1.46E+00
10.575,1.43E+04,-1.46E+00
10.58125,1.43E+04,-1.46E+00
10.5875,1.43E+04,-1.46E+00
10.59375,1.43E+04,-1.46E+00
10.6,1.42E+04,-1.46E+00
10.60625,1.42E+04,-1.46E+00
10.6125,1.42E+04,-1.47E+00
10.61875,1.42E+04,-1.47E+00
10.625,1.42E+04,-1.47E+00
10.63125,1.41E+04,-1.47E+00
10.6375,1.41E+04,-1.47E+00
10.64375,1.41E+04,-1.47E+00
10.65,1.41E+04,-1.47E+00
10.65625,1.40E+04,-1.48E+00
10.6625,1.40E+04,-1.48E+00
10.66875,1.40E+04,-1.48E+00
10.675,1.40E+04,-1.48E+00
10.68125,1.40E+04,-1.48E+00
10.6875,1.39E+04,-1.48E+00
10.69375,1.39E+04,-1.48E+00
10.7,1.39E+04,-1.48E+00
10.70625,1.39E+04,-1.49E+00
10.7125,1.38E+04,-1.49E+00
10.71875,1.38E+04,-1.49E+00
10.725,1.38E+04,-1.49E+00
10.73125,1.38E+04,-1.49E+00
10.7375,1.38E+04,-1.49E+00
10.74375,1.37E+04,-1.49E+00
10.75,1.37E+04,-1.50E+00
10.75625,1.37E+04,-1.50E+00
10.7625,1.37E+04,-1.50E+00
10.76875,1.36E+04,-1.50E+00
10.775,1.36E+04,-1.50E+00
10.78125,1.36E+04,-1.50E+00
10.7875,1.36E+04,-1.50E+00
10.79375,1.36E+04,-1.50E+00
10.8,1.35E+04,-1.51E+00
10.80625,1.35E+04,-1.51E+00
10.8125,1.35E+04,-1.51E+00
10.81875,1.35E+04,-1.51E+00
10.825,1.34E+04,-1.51E+00
10.83125,1.34E+04,-1.51E+00
10.8375,1.34E+04,-1.51E+00
10.84375,1.34E+04,-1.52E+00
10.85,1.34E+04,-1.52E+00
10.85625,1.33E+04,-1.52E+00
10.8625,1.33E+04,-1.52E+00
10.86875,1.33E+04,-1.52E+00
10.875,1.33E+04,-1.52E+00
10.88125,1.32E+04,-1.52E+00
10.8875,1.32E+04,-1.52E+00
10.89375,1.32E+04,-1.53E+00
10.9,1.32E+04,-1.53E+00
10.90625,1.32E+04,-1.53E+00
10.9125,1.31E+04,-1.53E+00
10.91875,1.31E+04,-1.53E+00
10.925,1.31E+04,-1.53E+00
10.93125,1.31E+04,-1.53E+00
10.9375,1.31E+04,-1.54E+00
10.94375,1.30E+04,-1.54E+00
10.95,1.30E+04,-1.54E+00
10.95625,1.30E+04,-1.54E+00
10.9625,1.30E+04,-1.54E+00
10.96875,1.30E+04,-1.54E+00
10.975,1.29E+04,-1.54E+00
10.98125,1.29E+04,-1.54E+00
10.9875,1.29E+04,-1.55E+00
10.99375,1.29E+04,-1.55E+00
11,1.28E+04,-1.55E+00
11.00625,1.28E+04,-1.55E+00
11.0125,1.28E+04,-1.55E+00
11.01875,1.28E+04,-1.55E+00
11.025,1.28E+04,-1.55E+00
11.03125,1.27E+04,-1.56E+00
11.0375,1.27E+04,-1.56E+00
11.04375,1.27E+04,-1.56E+00
11.05,1.27E+04,-1.56E+00
11.05625,1.27E+04,-1.56E+00
11.0625,1.26E+04,-1.56E+00
11.06875,1.26E+04,-1.56E+00
11.075,1.26E+04,-1.56E+00
11.08125,1.26E+04,-1.57E+00
11.0875,1.26E+04,-1.57E+00
11.09375,1.25E+04,-1.57E+00
11.1,1.25E+04,-1.57E+00
11.10625,1.25E+04,-1.57E+00
11.1125,1.25E+04,-1.57E+00
11.11875,1.25E+04,-1.57E+00
11.125,1.24E+04,-1.57E+00
11.13125,1.24E+04,-1.57E+00
11.1375,1.24E+04,-1.57E+00
11.14375,1.24E+04,-1.57E+00
11.15,1.24E+04,-1.57E+00
11.15625,1.23E+04,-1.57E+00
11.1625,1.23E+04,-1.57E+00
11.16875,1.23E+04,-1.57E+00
11.175,1.23E+04,-1.57E+00
11.18125,1.23E+04,-1.57E+00
11.1875,1.22E+04,-1.57E+00
11.19375,1.22E+04,-1.57E+00
11.2,1.22E+04,-1.57E+00
11.20625,1.22E+04,-1.57E+00
11.2125,1.22E+04,-1.57E+00
11.21875,1.21E+04,-1.57E+00
11.225,1.21E+04,-1.57E+00
11.23125,1.21E+04,-1.57E+00
11.2375,1.21E+04,-1.57E+00
11.24375,1.21E+04,-1.57E+00
11.25,1.20E+04,-1.57E+00
11.25625,1.20E+04,-1.57E+00
11.2625,1.20E+04,-1.57E+00
11.26875,1.20E+04,-1.57E+00
11.275,1.20E+04,-1.57E+00
11.28125,1.19E+04,-1.57E+00
11.2875,1.19E+04,-1.57E+00
11.29375,1.19E+04,-1.57E+00
11.3,1.19E+04,-1.57E+00
11.30625,1.19E+04,-1.57E+00
11.3125,1.18E+04,-1.57E+00
11.31875,1.18E+04,-1.57E+00
11.325,1.18E+04,-1.57E+00
11.33125,1.18E+04,-1.57E+00
11.3375,1.18E+04,-1.57E+00
11.34375,1.18E+04,-1.57E+00
11.35,1.17E+04,-1.57E+00
11.35625,1.17E+04,-1.57E+00
11.3625,1.17E+04,-1.57E+00
11.36875,1.17E+04,-1.57E+00
11.375,1.17E+04,-1.57E+00
11.38125,1.16E+04,-1.57E+00
11.3875,1.16E+04,-1.57E+00
11.39375,1.16E+04,-1.57E+00
11.4,1.16E+04,-1.57E+00
11.40625,1.16E+04,-1.57E+00
11.4125,1.15E+04,-1.57E+00
11.41875,1.15E+04,-1.57E+00
11.425,1.15E+04,-1.57E+00
11.43125,1.15E+04,-1.57E+00
11.4375,1.15E+04,-1.57E+00
11.44375,1.15E+04,-1.57E+00
11.45,1.14E+04,-1.57E+00
11.45625,1.14E+04,-1.57E+00
11.4625,1.14E+04,-1.57E+00
11.46875,1.14E+04,-1.57E+00
11.475,1.14E+04,-1.57E+00
11.48125,1.13E+04,-1.57E+00
11.4875,1.13E+04,-1.57E+00
11.49375,1.13E+04,-1.57E+00
11.5,1.13E+04,-1.57E+00
11.50625,1.13E+04,-1.57E+00
11.5125,1.13E+04,-1.57E+00
11.51875,1.12E+04,-1.57E+00
11.525,1.12E+04,-1.57E+00
11.53125,1.12E+04,-1.57E+00
11.5375,1.12E+04,-1.57E+00
11.54375,1.12E+04,-1.57E+00
11.55,1.11E+04,-1.57E+00
11.55625,1.11E+04,-1.57E+00
11.5625,1.11E+04,-1.57E+00
11.56875,1.11E+04,-1.57E+00
11.575,1.11E+04,-1.57E+00
11.58125,1.11E+04,-1.57E+00
11.5875,1.10E+04,-1.57E+00
11.59375,1.10E+04,-1.57E+00
11.6,1.10E+04,-1.57E+00
11.60625,1.10E+04,-1.57E+00
11.6125,1.10E+04,-1.57E+00
11.61875,1.09E+04,-1.57E+00
11.625,1.09E+04,-1.57E+00
11.63125,1.09E+04,-1.57E+00
11.6375,1.09E+04,-1.57E+00
11.64375,1.09E+04,-1.57E+00
11.65,1.09E+04,-1.57E+00
11.65625,1.08E+04,-1.57E+00
11.6625,1.08E+04,-1.57E+00
11.66875,1.08E+04,-1.57E+00
11.675,1.08E+04,-1.57E+00
11.68125,1.08E+04,-1.57E+00
11.6875,1.08E+04,-1.57E+00
11.69375,1.07E+04,-1.57E+00
11.7,1.07E+04,-1.57E+00
11.70625,1.07E+04,-1.57E+00
11.7125,1.07E+04,-1.57E+00
11.71875,1.07E+04,-1.57E+00
11.725,1.06E+04,-1.57E+00
11.73125,1.06E+04,-1.57E+00
11.7375,1.06E+04,-1.57E+00
11.74375,1.06E+04,-1.57E+00
11.75,1.06E+04,-1.57E+00
11.75625,1.06E+04,-1.57E+00
11.7625,1.05E+04,-1.57E+00
11.76875,1.05E+04,-1.57E+00
11.775,1.05E+04,-1.57E+00
11.78125,1.05E+04,-1.57E+00
11.7875,1.05E+04,-1.57E+00
11.79375,1.05E+04,-1.57E+00
11.8,1.04E+04,-1.57E+00
11.80625,1.04E+04,-1.57E+00
11.8125,1.04E+04,-1.57E+00
11.81875,1.04E+04,-1.57E+00
11.825,1.04E+04,-1.57E+00
11.83125,1.04E+04,-1.57E+00
11.8375,1.03E+04,-1.57E+00
11.84375,1.03E+04,-1.57E+00
11.85,1.03E+04,-1.57E+00
11.85625,1.03E+04,-1.57E+00
11.8625,1.03E+04,-1.57E+00
11.86875,1.03E+04,-1.57E+00
11.875,1.02E+04,-1.57E+00
11.88125,1.02E+04,-1.57E+00
11.8875,1.02E+04,-1.57E+00
11.89375,1.02E+04,-1.57E+00
11.9,1.02E+04,-1.57E+00
11.90625,1.02E+04,-1.57E+00
11.9125,1.01E+04,-1.57E+00
11.91875,1.01E+04,-1.57E+00
11.925,1.01E+04,-1.57E+00
11.93125,1.01E+04,-1.57E+00
11.9375,1.01E+04,-1.57E+00
11.94375,1.01E+04,-1.57E+00
11.95,1.00E+04,-1.57E+00
11.95625,1.00E+04,-1.57E+00
11.9625,1.00E+04,-1.57E+00
11.96875,1.00E+04,-1.57E+00
11.975,9.98E+03,-1.57E+00
11.98125,9.97E+03,-1.57E+00
11.9875,9.95E+03,-1.57E+00
11.99375,9.93E+03,-1.57E+00
12,9.92E+03,-1.57E+00
12.00625,9.90E+03,-1.57E+00
12.0125,9.89E+03,-1.57E+00
12.01875,9.87E+03,-1.57E+00
12.025,9.85E+03,-1.57E+00
12.03125,9.84E+03,-1.57E+00
12.0375,9.82E+03,-1.57E+00
12.04375,9.81E+03,-1.57E+00
12.05,9.79E+03,-1.57E+00
12.05625,9.77E+03,-1.57E+00
12.0625,9.76E+03,-1.57E+00
12.06875,9.74E+03,-1.57E+00
12.075,9.73E+03,-1.57E+00
12.08125,9.71E+03,-1.57E+00
12.0875,9.70E+03,-1.57E+00
12.09375,9.68E+03,-1.57E+00
12.1,9.66E+03,-1.57E+00
12.10625,9.65E+03,-1.57E+00
12.1125,9.63E+03,-1.57E+00
12.11875,9.62E+03,-1.57E+00
12.125,9.60E+03,-1.57E+00
12.13125,9.59E+03,-1.57E+00
12.1375,9.57E+03,-1.57E+00
12.14375,9.56E+03,-1.57E+00
12.15,9.54E+03,-1.57E+00
12.15625,9.52E+03,-1.57E+00
12.1625,9.51E+03,-1.57E+00
12.16875,9.49E+03,-1.57E+00
12.175,9.48E+03,-1.57E+00
12.18125,9.46E+03,-1.57E+00
12.1875,9.45E+03,-1.57E+00
12.19375,9.43E+03,-1.57E+00
12.2,9.42E+03,-1.57E+00
12.20625,9.40E+03,-1.57E+00
12.2125,9.39E+03,-1.57E+00
12.21875,9.37E+03,-1.57E+00
12.225,9.36E+03,-1.57E+00
12.23125,9.34E+03,-1.57E+00
12.2375,9.33E+03,-1.57E+00
12.24375,9.31E+03,-1.57E+00
12.25,9.30E+03,-1.57E+00
12.25625,9.28E+03,-1.57E+00
12.2625,9.27E+03,-1.57E+00
12.26875,9.25E+03,-1.57E+00
12.275,9.24E+03,-1.57E+00
12.28125,9.22E+03,-1.57E+00
12.2875,9.21E+03,-1.57E+00
12.29375,9.19E+03,-1.57E+00
12.3,9.18E+03,-1.57E+00
12.30625,9.16E+03,-1.57E+00
12.3125,9.15E+03,-1.57E+00
12.31875,9.13E+03,-1.57E+00
12.325,9.12E+03,-1.57E+00
12.33125,9.10E+03,-1.57E+00
12.3375,9.09E+03,-1.57E+00
12.34375,9.07E+03,-1.57E+00
12.35,9.06E+03,-1.57E+00
12.35625,9.04E+03,-1.57E+00
12.3625,9.03E+03,-1.57E+00
12.36875,9.01E+03,-1.57E+00
12.375,9.00E+03,-1.57E+00
12.38125,8.99E+03,-1.57E+00
12.3875,8.97E+03,-1.57E+00
12.39375,8.96E+03,-1.57E+00
12.4,8.94E+03,-1.57E+00
12.40625,8.93E+03,-1.57E+00
12.4125,8.91E+03,-1.57E+00
12.41875,8.90E+03,-1.57E+00
12.425,8.88E+03,-1.57E+00
12.43125,8.87E+03,-1.57E+00
12.4375,8.86E+03,-1.57E+00
12.44375,8.84E+03,-1.57E+00
12.45,8.83E+03,-1.57E+00
12.45625,8.81E+03,-1.57E+00
12.4625,8.80E+03,-1.57E+00
12.46875,8.78E+03,-1.57E+00
12.475,8.77E+03,-1.57E+00
12.48125,8.76E+03,-1.57E+00
12.4875,8.74E+03,-1.57E+00
12.49375,8.73E+03,-1.57E+00
12.5,8.71E+03,-1.57E+00
12.50625,8.70E+03,-1.57E+00
12.5125,8.69E+03,-1.57E+00
12.51875,8.67E+03,-1.57E+00
12.525,8.66E+03,-1.57E+00
12.53125,8.64E+03,-1.57E+00
12.5375,8.63E+03,-1.57E+00
12.54375,8.62E+03,-1.57E+00
12.55,8.60E+03,-1.57E+00
12.55625,8.59E+03,-1.57E+00
12.5625,8.57E+03,-1.57E+00
12.56875,8.56E+03,-1.57E+00
12.575,8.55E+03,-1.57E+00
12.58125,8.53E+03,-1.57E+00
12.5875,8.52E+03,-1.57E+00
12.59375,8.50E+03,-1.57E+00
12.6,8.49E+03,-1.57E+00
12.60625,8.48E+03,-1.57E+00
12.6125,8.46E+03,-1.57E+00
12.61875,8.45E+03,-1.57E+00
12.625,8.44E+03,-1.57E+00
12.63125,8.42E+03,-1.57E+00
12.6375,8.41E+03,-1.57E+00
12.64375,8.39E+03,-1.57E+00
12.65,8.38E+03,-1.57E+00
12.65625,8.37E+03,-1.57E+00
12.6625,8.35E+03,-1.57E+00
12.66875,8.34E+03,-1.57E+00
12.675,8.33E+03,-1.57E+00
12.68125,8.31E+03,-1.57E+00
12.6875,8.30E+03,-1.57E+00
12.69375,8.29E+03,-1.57E+00
12.7,8.27E+03,-1.57E+00
12.70625,8.26E+03,-1.57E+00
12.7125,8.25E+03,-1.57E+00
12.71875,8.23E+03,-1.57E+00
12.725,8.22E+03,-1.57E+00
12.73125,8.21E+03,-1.57E+00
12.7375,8.19E+03,-1.57E+00
12.74375,8.18E+03,-1.57E+00
12.75,8.17E+03,-1.57E+00
12.75625,8.15E+03,-1.57E+00
12.7625,8.14E+03,-1.57E+00
12.76875,8.13E+03,-1.57E+00
12.775,8.11E+03,-1.57E+00
12.78125,8.10E+03,-1.57E+00
12.7875,8.09E+03,-1.57E+00
12.79375,8.08E+03,-1.57E+00
12.8,8.06E+03,-1.57E+00
12.80625,8.05E+03,-1.57E+00
12.8125,8.04E+03,-1.57E+00
12.81875,8.02E+03,-1.57E+00
12.825,8.01E+03,-1.57E+00
12.83125,8.00E+03,-1.57E+00
12.8375,7.98E+03,-1.57E+00
12.84375,7.97E+03,-1.57E+00
12.85,7.96E+03,-1.57E+00
12.85625,7.95E+03,-1.57E+00
12.8625,7.93E+03,-1.57E+00
12.86875,7.92E+03,-1.57E+00
12.875,7.91E+03,-1.57E+00
12.88125,7.89E+03,-1.57E+00
12.8875,7.88E+03,-1.57E+00
12.89375,7.87E+03,-1.57E+00
12.9,7.86E+03,-1.57E+00
12.90625,7.84E+03,-1.57E+00
12.9125,7.83E+03,-1.57E+00
12.91875,7.82E+03,-1.57E+00
12.925,7.81E+03,-1.57E+00
12.93125,7.79E+03,-1.57E+00
12.9375,7.78E+03,-1.57E+00
12.94375,7.77E+03,-1.57E+00
12.95,7.75E+03,-1.57E+00
12.95625,7.74E+03,-1.57E+00
12.9625,7.73E+03,-1.57E+00
12.96875,7.72E+03,-1.57E+00
12.975,7.70E+03,-1.57E+00
12.98125,7.69E+03,-1.57E+00
12.9875,7.68E+03,-1.57E+00
12.99375,7.67E+03,-1.57E+00
13,7.66E+03,-1.57E+00
13.00625,7.64E+03,-1.57E+00
13.0125,7.63E+03,-1.57E+00
13.01875,7.62E+03,-1.57E+00
13.025,7.61E+03,-1.57E+00
13.03125,7.59E+03,-1.57E+00
13.0375,7.58E+03,-1.57E+00
13.04375,7.57E+03,-1.57E+00
13.05,7.56E+03,-1.57E+00
13.05625,7.54E+03,-1.57E+00
13.0625,7.53E+03,-1.57E+00
13.06875,7.52E+03,-1.57E+00
13.075,7.51E+03,-1.57E+00
13.08125,7.50E+03,-1.57E+00
13.0875,7.48E+03,-1.57E+00
13.09375,7.47E+03,-1.57E+00
13.1,7.46E+03,-1.57E+00
13.10625,7.45E+03,-1.57E+00
13.1125,7.44E+03,-1.57E+00
13.11875,7.42E+03,-1.57E+00
13.125,7.41E+03,-1.57E+00
13.13125,7.40E+03,-1.57E+00
13.1375,7.39E+03,-1.57E+00
13.14375,7.38E+03,-1.57E+00
13.15,7.36E+03,-1.57E+00
13.15625,7.35E+03,-1.57E+00
13.1625,7.34E+03,-1.57E+00
13.16875,7.33E+03,-1.57E+00
13.175,7.32E+03,-1.57E+00
13.18125,7.30E+03,-1.57E+00
13.1875,7.29E+03,-1.57E+00
13.19375,7.28E+03,-1.57E+00
13.2,7.27E+03,-1.57E+00
13.20625,7.26E+03,-1.57E+00
13.2125,7.25E+03,-1.57E+00
13.21875,7.23E+03,-1.57E+00
13.225,7.22E+03,-1.57E+00
13.23125,7.21E+03,-1.57E+00
13.2375,7.20E+03,-1.57E+00
13.24375,7.19E+03,-1.57E+00
13.25,7.18E+03,-1.57E+00
13.25625,7.16E+03,-1.57E+00
13.2625,7.15E+03,-1.57E+00
13.26875,7.14E+03,-1.57E+00
13.275,7.13E+03,-1.57E+00
13.28125,7.12E+03,-1.57E+00
13.2875,7.11E+03,-1.57E+00
13.29375,7.09E+03,-1.57E+00
13.3,7.08E+03,-1.57E+00
13.30625,7.07E+03,-1.57E+00
13.3125,7.06E+03,-1.57E+00
13.31875,7.05E+03,-1.57E+00
13.325,7.04E+03,-1.57E+00
13.33125,7.03E+03,-1.57E+00
13.3375,7.01E+03,-1.57E+00
13.34375,7.00E+03,-1.57E+00
13.35,6.99E+03,-1.57E+00
13.35625,6.98E+03,-1.57E+00
13.3625,6.97E+03,-1.57E+00
13.36875,6.96E+03,-1.57E+00
13.375,6.95E+03,-1.57E+00
13.38125,6.94E+03,-1.57E+00
13.3875,6.92E+03,-1.57E+00
13.39375,6.91E+03,-1.57E+00
13.4,6.90E+03,-1.57E+00
13.40625,6.89E+03,-1.57E+00
13.4125,6.88E+03,-1.57E+00
13.41875,6.87E+03,-1.57E+00
13.425,6.86E+03,-1.57E+00
13.43125,6.85E+03,-1.57E+00
13.4375,6.84E+03,-1.57E+00
13.44375,6.82E+03,-1.57E+00
13.45,6.81E+03,-1.57E+00
13.45625,6.80E+03,-1.57E+00
13.4625,6.79E+03,-1.57E+00
13.46875,6.78E+03,-1.57E+00
13.475,6.77E+03,-1.57E+00
13.48125,6.76E+03,-1.57E+00
13.4875,6.75E+03,-1.57E+00
13.49375,6.74E+03,-1.57E+00
13.5,6.73E+03,-1.57E+00
13.50625,6.71E+03,-1.57E+00
13.5125,6.70E+03,-1.57E+00
13.51875,6.69E+03,-1.57E+00
13.525,6.68E+03,-1.57E+00
13.53125,6.67E+03,-1.57E+00
13.5375,6.66E+03,-1.57E+00
13.54375,6.65E+03,-1.57E+00
13.55,6.64E+03,-1.57E+00
13.55625,6.63E+03,-1.57E+00
13.5625,6.62E+03,-1.57E+00
13.56875,6.61E+03,-1.57E+00
13.575,6.60E+03,-1.57E+00
13.58125,6.59E+03,-1.57E+00
13.5875,6.58E+03,-1.57E+00
13.59375,6.56E+03,-1.57E+00
13.6,6.55E+03,-1.57E+00
13.60625,6.54E+03,-1.57E+00
13.6125,6.53E+03,-1.57E+00
13.61875,6.52E+03,-1.57E+00
13.625,6.51E+03,-1.57E+00
13.63125,6.50E+03,-1.57E+00
13.6375,6.49E+03,-1.57E+00
13.64375,6.48E+03,-1.57E+00
13.65,6.47E+03,-1.57E+00
13.65625,6.46E+03,-1.57E+00
13.6625,6.45E+03,-1.57E+00
13.66875,6.44E+03,-1.57E+00
13.675,6.43E+03,-1.57E+00
13.68125,6.42E+03,-1.57E+00
13.6875,6.41E+03,-1.57E+00
13.69375,6.40E+03,-1.57E+00
13.7,6.39E+03,-1.57E+00
13.70625,6.38E+03,-1.57E+00
13.7125,6.37E+03,-1.57E+00
13.71875,6.36E+03,-1.57E+00
13.725,6.35E+03,-1.57E+00
13.73125,6.33E+03,-1.57E+00
13.7375,6.32E+03,-1.57E+00
13.74375,6.31E+03,-1.57E+00
13.75,6.30E+03,-1.57E+00
13.75625,6.29E+03,-1.57E+00
13.7625,6.28E+03,-1.57E+00
13.76875,6.27E+03,-1.57E+00
13.775,6.26E+03,-1.57E+00
13.78125,6.25E+03,-1.57E+00
13.7875,6.24E+03,-1.57E+00
13.79375,6.23E+03,-1.57E+00
13.8,6.22E+03,-1.57E+00
13.80625,6.21E+03,-1.57E+00
13.8125,6.20E+03,-1.57E+00
13.81875,6.19E+03,-1.57E+00
13.825,6.18E+03,-1.57E+00
13.83125,6.17E+03,-1.57E+00
13.8375,6.16E+03,-1.57E+00
13.84375,6.15E+03,-1.57E+00
13.85,6.14E+03,-1.57E+00
13.85625,6.13E+03,-1.57E+00
13.8625,6.12E+03,-1.57E+00
13.86875,6.11E+03,-1.57E+00
13.875,6.10E+03,-1.57E+00
13.88125,6.09E+03,-1.57E+00
13.8875,6.08E+03,-1.57E+00
13.89375,6.07E+03,-1.57E+00
13.9,6.06E+03,-1.57E+00
13.90625,6.05E+03,-1.57E+00
13.9125,6.04E+03,-1.57E+00
13.91875,6.03E+03,-1.57E+00
13.925,6.02E+03,-1.57E+00
13.93125,6.02E+03,-1.57E+00
13.9375,6.01E+03,-1.57E+00
13.94375,6.00E+03,-1.57E+00
13.95,5.99E+03,-1.57E+00
13.95625,5.98E+03,-1.57E+00
13.9625,5.97E+03,-1.57E+00
13.96875,5.96E+03,-1.57E+00
13.975,5.95E+03,-1.57E+00
13.98125,5.94E+03,-1.57E+00
13.9875,5.93E+03,-1.57E+00
13.99375,5.92E+03,-1.57E+00
14,5.91E+03,-1.57E+00
14.00625,5.90E+03,-1.57E+00
14.0125,5.89E+03,-1.57E+00
14.01875,5.88E+03,-1.57E+00
14.025,5.87E+03,-1.57E+00
14.03125,5.86E+03,-1.57E+00
14.0375,5.85E+03,-1.57E+00
14.04375,5.84E+03,-1.57E+00
14.05,5.83E+03,-1.57E+00
14.05625,5.82E+03,-1.57E+00
14.0625,5.81E+03,-1.57E+00
14.06875,5.80E+03,-1.57E+00
14.075,5.80E+03,-1.57E+00
14.08125,5.79E+03,-1.57E+00
14.0875,5.78E+03,-1.57E+00
14.09375,5.77E+03,-1.57E+00
14.1,5.76E+03,-1.57E+00
14.10625,5.75E+03,-1.57E+00
14.1125,5.74E+03,-1.57E+00
14.11875,5.73E+03,-1.57E+00
14.125,5.72E+03,-1.57E+00
14.13125,5.71E+03,-1.57E+00
14.1375,5.70E+03,-1.57E+00
14.14375,5.69E+03,-1.57E+00
14.15,5.68E+03,-1.57E+00
14.15625,5.67E+03,-1.57E+00
14.1625,5.67E+03,-1.57E+00
14.16875,5.66E+03,-1.57E+00
14.175,5.65E+03,-1.57E+00
14.18125,5.64E+03,-1.57E+00
14.1875,5.63E+03,-1.57E+00
14.19375,5.62E+03,-1.57E+00
14.2,5.61E+03,-1.57E+00
14.20625,5.60E+03,-1.57E+00
14.2125,5.59E+03,-1.57E+00
14.21875,5.58E+03,-1.57E+00
14.225,5.57E+03,-1.57E+00
14.23125,5.57E+03,-1.57E+00
14.2375,5.56E+03,-1.57E+00
14.24375,5.55E+03,-1.57E+00
14.25,5.54E+03,-1.57E+00
14.25625,5.53E+03,-1.57E+00
14.2625,5.52E+03,-1.57E+00
14.26875,5.51E+03,-1.57E+00
14.275,5.50E+03,-1.57E+00
14.28125,5.49E+03,-1.57E+00
14.2875,5.49E+03,-1.57E+00
14.29375,5.48E+03,-1.57E+00
14.3,5.47E+03,-1.57E+00
14.30625,5.46E+03,-1.57E+00
14.3125,5.45E+03,-1.57E+00
14.31875,5.44E+03,-1.57E+00
14.325,5.43E+03,-1.57E+00
14.33125,5.42E+03,-1.57E+00
14.3375,5.41E+03,-1.57E+00
14.34375,5.41E+03,-1.57E+00
14.35,5.40E+03,-1.57E+00
14.35625,5.39E+03,-1.57E+00
14.3625,5.38E+03,-1.57E+00
14.36875,5.37E+03,-1.57E+00
14.375,5.36E+03,-1.57E+00
14.38125,5.35E+03,-1.57E+00
14.3875,5.35E+03,-1.57E+00
14.39375,5.34E+03,-1.57E+00
14.4,5.33E+03,-1.57E+00
14.40625,5.32E+03,-1.57E+00
14.4125,5.31E+03,-1.57E+00
14.41875,5.30E+03,-1.57E+00
14.425,5.29E+03,-1.57E+00
14.43125,5.28E+03,-1.57E+00
14.4375,5.28E+03,-1.57E+00
14.44375,5.27E+03,-1.57E+00
14.45,5.26E+03,-1.57E+00
14.45625,5.25E+03,-1.57E+00
14.4625,5.24E+03,-1.57E+00
14.46875,5.23E+03,-1.57E+00
14.475,5.23E+03,-1.57E+00
14.48125,5.22E+03,-1.57E+00
14.4875,5.21E+03,-1.57E+00
14.49375,5.20E+03,-1.57E+00
14.5,5.19E+03,-1.57E+00
14.50625,5.18E+03,-1.57E+00
14.5125,5.17E+03,-1.57E+00
14.51875,5.17E+03,-1.57E+00
14.525,5.16E+03,-1.57E+00
14.53125,5.15E+03,-1.57E+00
14.5375,5.14E+03,-1.57E+00
14.54375,5.13E+03,-1.57E+00
14.55,5.12E+03,-1.57E+00
14.55625,5.12E+03,-1.57E+00
14.5625,5.11E+03,-1.57E+00
14.56875,5.10E+03,-1.57E+00
14.575,5.09E+03,-1.57E+00
14.58125,5.08E+03,-1.57E+00
14.5875,5.08E+03,-1.57E+00
14.59375,5.07E+03,-1.57E+00
14.6,5.06E+03,-1.57E+00
14.60625,5.05E+03,-1.57E+00
14.6125,5.04E+03,-1.57E+00
14.61875,5.03E+03,-1.57E+00
14.625,5.03E+03,-1.57E+00
14.63125,5.02E+03,-1.57E+00
14.6375,5.01E+03,-1.57E+00
14.64375,5.00E+03,-1.57E+00
14.65,4.99E+03,-1.57E+00
14.65625,4.99E+03,-1.57E+00
14.6625,4.98E+03,-1.57E+00
14.66875,4.97E+03,-1.57E+00
14.675,4.96E+03,-1.57E+00
14.68125,4.95E+03,-1.57E+00
14.6875,4.95E+03,-1.57E+00
14.69375,4.94E+03,-1.57E+00
14.7,4.93E+03,-1.57E+00
14.70625,4.92E+03,-1.57E+00
14.7125,4.91E+03,-1.57E+00
14.71875,4.91E+03,-1.57E+00
14.725,4.90E+03,-1.57E+00
14.73125,4.89E+03,-1.57E+00
14.7375,4.88E+03,-1.57E+00
14.74375,4.87E+03,-1.57E+00
14.75,4.87E+03,-1.57E+00
14.75625,4.86E+03,-1.57E+00
14.7625,4.85E+03,-1.57E+00
14.76875,4.84E+03,-1.57E+00
14.775,4.83E+03,-1.57E+00
14.78125,4.83E+03,-1.57E+00
14.7875,4.82E+03,-1.57E+00
14.79375,4.81E+03,-1.57E+00
14.8,4.80E+03,-1.57E+00
14.80625,4.80E+03,-1.57E+00
14.8125,4.79E+03,-1.57E+00
14.81875,4.78E+03,-1.57E+00
14.825,4.77E+03,-1.57E+00
14.83125,4.76E+03,-1.57E+00
14.8375,4.76E+03,-1.57E+00
14.84375,4.75E+03,-1.57E+00
14.85,4.74E+03,-1.57E+00
14.85625,4.73E+03,-1.57E+00
14.8625,4.73E+03,-1.57E+00
14.86875,4.72E+03,-1.57E+00
14.875,4.71E+03,-1.57E+00
14.88125,4.70E+03,-1.57E+00
14.8875,4.70E+03,-1.57E+00
14.89375,4.69E+03,-1.57E+00
14.9,4.68E+03,-1.57E+00
14.90625,4.67E+03,-1.57E+00
14.9125,4.67E+03,-1.57E+00
14.91875,4.66E+03,-1.57E+00
14.925,4.65E+03,-1.57E+00
14.93125,4.64E+03,-1.57E+00
14.9375,4.64E+03,-1.57E+00
14.94375,4.63E+03,-1.57E+00
14.95,4.62E+03,-1.57E+00
14.95625,4.61E+03,-1.57E+00
14.9625,4.61E+03,-1.57E+00
14.96875,4.60E+03,-1.57E+00
14.975,4.59E+03,-1.57E+00
14.98125,4.58E+03,-1.57E+00
14.9875,4.58E+03,-1.57E+00
14.99375,4.57E+03,-1.57E+00
15,4.56E+03,-1.57E+00
15.00625,4.55E+03,-1.57E+00
15.0125,4.55E+03,-1.57E+00
15.01875,4.54E+03,-1.57E+00
15.025,4.53E+03,-1.57E+00
15.03125,4.52E+03,-1.57E+00
15.0375,4.52E+03,-1.57E+00
15.04375,4.51E+03,-1.57E+00
15.05,4.50E+03,-1.57E+00
15.05625,4.50E+03,-1.57E+00
15.0625,4.49E+03,-1.57E+00
15.06875,4.48E+03,-1.57E+00
15.075,4.47E+03,-1.57E+00
15.08125,4.47E+03,-1.57E+00
15.0875,4.46E+03,-1.57E+00
15.09375,4.45E+03,-1.57E+00
15.1,4.44E+03,-1.57E+00
15.10625,4.44E+03,-1.57E+00
15.1125,4.43E+03,-1.57E+00
15.11875,4.42E+03,-1.57E+00
15.125,4.42E+03,-1.57E+00
15.13125,4.41E+03,-1.57E+00
15.1375,4.40E+03,-1.57E+00
15.14375,4.39E+03,-1.57E+00
15.15,4.39E+03,-1.57E+00
15.15625,4.38E+03,-1.57E+00
15.1625,4.37E+03,-1.57E+00
15.16875,4.37E+03,-1.57E+00
15.175,4.36E+03,-1.57E+00
15.18125,4.35E+03,-1.57E+00
15.1875,4.35E+03,-1.57E+00
15.19375,4.34E+03,-1.57E+00
15.2,4.33E+03,-1.57E+00
15.20625,4.32E+03,-1.57E+00
15.2125,4.32E+03,-1.57E+00
15.21875,4.31E+03,-1.57E+00
15.225,4.30E+03,-1.57E+00
15.23125,4.30E+03,-1.57E+00
15.2375,4.29E+03,-1.57E+00
15.24375,4.28E+03,-1.57E+00
15.25,4.28E+03,-1.57E+00
15.25625,4.27E+03,-1.57E+00
15.2625,4.26E+03,-1.57E+00
15.26875,4.25E+03,-1.57E+00
15.275,4.25E+03,-1.57E+00
15.28125,4.24E+03,-1.57E+00
15.2875,4.23E+03,-1.57E+00
15.29375,4.23E+03,-1.57E+00
15.3,4.22E+03,-1.57E+00
15.30625,4.21E+03,-1.57E+00
15.3125,4.21E+03,-1.57E+00
15.31875,4.20E+03,-1.57E+00
15.325,4.19E+03,-1.57E+00
15.33125,4.19E+03,-1.57E+00
15.3375,4.18E+03,-1.57E+00
15.34375,4.17E+03,-1.57E+00
15.35,4.17E+03,-1.57E+00
15.35625,4.16E+03,-1.57E+00
15.3625,4.15E+03,-1.57E+00
15.36875,4.15E+03,-1.57E+00
15.375,4.14E+03,-1.57E+00
15.38125,4.13E+03,-1.57E+00
15.3875,4.13E+03,-1.57E+00
15.39375,4.12E+03,-1.57E+00
15.4,4.11E+03,-1.57E+00
15.40625,4.11E+03,-1.57E+00
15.4125,4.10E+03,-1.57E+00
15.41875,4.09E+03,-1.57E+00
15.425,4.09E+03,-1.57E+00
15.43125,4.08E+03,-1.57E+00
15.4375,4.07E+03,-1.57E+00
15.44375,4.07E+03,-1.57E+00
15.45,4.06E+03,-1.57E+00
15.45625,4.05E+03,-1.57E+00
15.4625,4.05E+03,-1.57E+00
15.46875,4.04E+03,-1.57E+00
15.475,4.03E+03,-1.57E+00
15.48125,4.03E+03,-1.57E+00
15.4875,4.02E+03,-1.57E+00
15.49375,4.01E+03,-1.57E+00
15.5,4.01E+03,-1.57E+00
15.50625,4.00E+03,-1.57E+00
15.5125,3.99E+03,-1.57E+00
15.51875,3.99E+03,-1.57E+00
15.525,3.98E+03,-1.57E+00
15.53125,3.98E+03,-1.57E+00
15.5375,3.97E+03,-1.57E+00
15.54375,3.96E+03,-1.57E+00
15.55,3.96E+03,-1.57E+00
15.55625,3.95E+03,-1.57E+00
15.5625,3.94E+03,-1.57E+00
15.56875,3.94E+03,-1.57E+00
15.575,3.93E+03,-1.57E+00
15.58125,3.92E+03,-1.57E+00
15.5875,3.92E+03,-1.57E+00
15.59375,3.91E+03,-1.57E+00
15.6,3.90E+03,-1.57E+00
15.60625,3.90E+03,-1.57E+00
15.6125,3.89E+03,-1.57E+00
15.61875,3.89E+03,-1.57E+00
15.625,3.88E+03,-1.57E+00
15.63125,3.87E+03,-1.57E+00
15.6375,3.87E+03,-1.57E+00
15.64375,3.86E+03,-1.57E+00
15.65,3.85E+03,-1.57E+00
15.65625,3.85E+03,-1.57E+00
15.6625,3.84E+03,-1.57E+00
15.66875,3.84E+03,-1.57E+00
15.675,3.83E+03,-1.57E+00
15.68125,3.82E+03,-1.57E+00
15.6875,3.82E+03,-1.57E+00
15.69375,3.81E+03,-1.57E+00
15.7,3.81E+03,-1.57E+00
15.70625,3.80E+03,-1.57E+00
15.7125,3.79E+03,-1.57E+00
15.71875,3.79E+03,-1.57E+00
15.725,3.78E+03,-1.57E+00
15.73125,3.77E+03,-1.57E+00
15.7375,3.77E+03,-1.57E+00
15.74375,3.76E+03,-1.57E+00
15.75,3.76E+03,-1.57E+00
15.75625,3.75E+03,-1.57E+00
15.7625,3.74E+03,-1.57E+00
15.76875,3.74E+03,-1.57E+00
15.775,3.73E+03,-1.57E+00
15.78125,3.73E+03,-1.57E+00
15.7875,3.72E+03,-1.57E+00
15.79375,3.71E+03,-1.57E+00
15.8,3.71E+03,-1.57E+00
15.80625,3.70E+03,-1.57E+00
15.8125,3.70E+03,-1.57E+00
15.81875,3.69E+03,-1.57E+00
15.825,3.68E+03,-1.57E+00
15.83125,3.68E+03,-1.57E+00
15.8375,3.67E+03,-1.57E+00
15.84375,3.67E+03,-1.57E+00
15.85,3.66E+03,-1.57E+00
15.85625,3.65E+03,-1.57E+00
15.8625,3.65E+03,-1.57E+00
15.86875,3.64E+03,-1.57E+00
15.875,3.64E+03,-1.57E+00
15.88125,3.63E+03,-1.57E+00
15.8875,3.62E+03,-1.57E+00
15.89375,3.62E+03,-1.57E+00
15.9,3.61E+03,-1.57E+00
15.90625,3.61E+03,-1.57E+00
15.9125,3.60E+03,-1.57E+00
15.91875,3.60E+03,-1.57E+00
15.925,3.59E+03,-1.57E+00
15.93125,3.58E+03,-1.57E+00
15.9375,3.58E+03,-1.57E+00
15.94375,3.57E+03,-1.57E+00
15.95,3.57E+03,-1.57E+00
15.95625,3.56E+03,-1.57E+00
15.9625,3.56E+03,-1.57E+00
15.96875,3.55E+03,-1.57E+00
15.975,3.54E+03,-1.57E+00
15.98125,3.54E+03,-1.57E+00
15.9875,3.53E+03,-1.57E+00
15.99375,3.53E+03,-1.57E+00
16,3.52E+03,-1.57E+00
16.00625,3.52E+03,-1.57E+00
16.0125,3.51E+03,-1.57E+00
16.01875,3.50E+03,-1.57E+00
16.025,3.50E+03,-1.57E+00
16.03125,3.49E+03,-1.57E+00
16.0375,3.49E+03,-1.57E+00
16.04375,3.48E+03,-1.57E+00
16.05,3.48E+03,-1.57E+00
16.05625,3.47E+03,-1.57E+00
16.0625,3.46E+03,-1.57E+00
16.06875,3.46E+03,-1.57E+00
16.075,3.45E+03,-1.57E+00
16.08125,3.45E+03,-1.57E+00
16.0875,3.44E+03,-1.57E+00
16.09375,3.44E+03,-1.57E+00
16.1,3.43E+03,-1.57E+00
16.10625,3.43E+03,-1.57E+00
16.1125,3.42E+03,-1.57E+00
16.11875,3.41E+03,-1.57E+00
16.125,3.41E+03,-1.57E+00
16.13125,3.40E+03,-1.57E+00
16.1375,3.40E+03,-1.57E+00
16.14375,3.39E+03,-1.57E+00
16.15,3.39E+03,-1.57E+00
16.15625,3.38E+03,-1.57E+00
16.1625,3.38E+03,-1.57E+00
16.16875,3.37E+03,-1.57E+00
16.175,3.36E+03,-1.57E+00
16.18125,3.36E+03,-1.57E+00
16.1875,3.35E+03,-1.57E+00
16.19375,3.35E+03,-1.57E+00
16.2,3.34E+03,-1.57E+00
16.20625,3.34E+03,-1.57E+00
16.2125,3.33E+03,-1.57E+00
16.21875,3.33E+03,-1.57E+00
16.225,3.32E+03,-1.57E+00
16.23125,3.32E+03,-1.57E+00
16.2375,3.31E+03,-1.57E+00
16.24375,3.31E+03,-1.57E+00
16.25,3.30E+03,-1.57E+00
16.25625,3.29E+03,-1.57E+00
16.2625,3.29E+03,-1.57E+00
16.26875,3.28E+03,-1.57E+00
16.275,3.28E+03,-1.57E+00
16.28125,3.27E+03,-1.57E+00
16.2875,3.27E+03,-1.57E+00
16.29375,3.26E+03,-1.57E+00
16.3,3.26E+03,-1.57E+00
16.30625,3.25E+03,-1.57E+00
16.3125,3.25E+03,-1.57E+00
16.31875,3.24E+03,-1.57E+00
16.325,3.24E+03,-1.57E+00
16.33125,3.23E+03,-1.57E+00
16.3375,3.23E+03,-1.57E+00
16.34375,3.22E+03,-1.57E+00
16.35,3.22E+03,-1.57E+00
16.35625,3.21E+03,-1.57E+00
16.3625,3.21E+03,-1.57E+00
16.36875,3.20E+03,-1.57E+00
16.375,3.20E+03,-1.57E+00
16.38125,3.19E+03,-1.57E+00
16.3875,3.18E+03,-1.57E+00
16.39375,3.18E+03,-1.57E+00
16.4,3.17E+03,-1.57E+00
16.40625,3.17E+03,-1.57E+00
16.4125,3.16E+03,-1.57E+00
16.41875,3.16E+03,-1.57E+00
16.425,3.15E+03,-1.57E+00
16.43125,3.15E+03,-1.57E+00
16.4375,3.14E+03,-1.57E+00
16.44375,3.14E+03,-1.57E+00
16.45,3.13E+03,-1.57E+00
16.45625,3.13E+03,-1.57E+00
16.4625,3.12E+03,-1.57E+00
16.46875,3.12E+03,-1.57E+00
16.475,3.11E+03,-1.57E+00
16.48125,3.11E+03,-1.57E+00
16.4875,3.10E+03,-1.57E+00
16.49375,3.10E+03,-1.57E+00
16.5,3.09E+03,-1.57E+00
16.50625,3.09E+03,-1.57E+00
16.5125,3.08E+03,-1.57E+00
16.51875,3.08E+03,-1.57E+00
16.525,3.07E+03,-1.57E+00
16.53125,3.07E+03,-1.57E+00
16.5375,3.06E+03,-1.57E+00
16.54375,3.06E+03,-1.57E+00
16.55,3.05E+03,-1.57E+00
16.55625,3.05E+03,-1.57E+00
16.5625,3.04E+03,-1.57E+00
16.56875,3.04E+03,-1.57E+00
16.575,3.03E+03,-1.57E+00
16.58125,3.03E+03,-1.57E+00
16.5875,3.02E+03,-1.57E+00
16.59375,3.02E+03,-1.57E+00
16.6,3.01E+03,-1.57E+00
16.60625,3.01E+03,-1.57E+00
16.6125,3.00E+03,-1.57E+00
16.61875,3.00E+03,-1.57E+00
16.625,2.99E+03,-1.57E+00
16.63125,2.99E+03,-1.57E+00
16.6375,2.99E+03,-1.57E+00
16.64375,2.98E+03,-1.57E+00
16.65,2.98E+03,-1.57E+00
16.65625,2.97E+03,-1.57E+00
16.6625,2.97E+03,-1.57E+00
16.66875,2.96E+03,-1.57E+00
16.675,2.96E+03,-1.57E+00
16.68125,2.95E+03,-1.57E+00
16.6875,2.95E+03,-1.57E+00
16.69375,2.94E+03,-1.57E+00
16.7,2.94E+03,-1.57E+00
16.70625,2.93E+03,-1.57E+00
16.7125,2.93E+03,-1.57E+00
16.71875,2.92E+03,-1.57E+00
16.725,2.92E+03,-1.57E+00
16.73125,2.91E+03,-1.57E+00
16.7375,2.91E+03,-1.57E+00
16.74375,2.90E+03,-1.57E+00
16.75,2.90E+03,-1.57E+00
16.75625,2.89E+03,-1.57E+00
16.7625,2.89E+03,-1.57E+00
16.76875,2.89E+03,-1.57E+00
16.775,2.88E+03,-1.57E+00
16.78125,2.88E+03,-1.57E+00
16.7875,2.87E+03,-1.57E+00
16.79375,2.87E+03,-1.57E+00
16.8,2.86E+03,-1.57E+00
16.80625,2.86E+03,-1.57E+00
16.8125,2.85E+03,-1.57E+00
16.81875,2.85E+03,-1.57E+00
16.825,2.84E+03,-1.57E+00
16.83125,2.84E+03,-1.57E+00
16.8375,2.83E+03,-1.57E+00
16.84375,2.83E+03,-1.57E+00
16.85,2.83E+03,-1.57E+00
16.85625,2.82E+03,-1.57E+00
16.8625,2.82E+03,-1.57E+00
16.86875,2.81E+03,-1.57E+00
16.875,2.81E+03,-1.57E+00
16.88125,2.80E+03,-1.57E+00
16.8875,2.80E+03,-1.57E+00
16.89375,2.79E+03,-1.57E+00
16.9,2.79E+03,-1.57E+00
16.90625,2.78E+03,-1.57E+00
16.9125,2.78E+03,-1.57E+00
16.91875,2.78E+03,-1.57E+00
16.925,2.77E+03,-1.57E+00
16.93125,2.77E+03,-1.57E+00
16.9375,2.76E+03,-1.57E+00
16.94375,2.76E+03,-1.57E+00
16.95,2.75E+03,-1.57E+00
16.95625,2.75E+03,-1.57E+00
16.9625,2.74E+03,-1.57E+00
16.96875,2.74E+03,-1.57E+00
16.975,2.74E+03,-1.57E+00
16.98125,2.73E+03,-1.57E+00
16.9875,2.73E+03,-1.57E+00
16.99375,2.72E+03,-1.57E+00
17,2.72E+03,-1.57E+00
17.00625,2.71E+03,-1.57E+00
17.0125,2.71E+03,-1.57E+00
17.01875,2.70E+03,-1.57E+00
17.025,2.70E+03,-1.57E+00
17.03125,2.70E+03,-1.57E+00
17.0375,2.69E+03,-1.57E+00
17.04375,2.69E+03,-1.57E+00
17.05,2.68E+03,-1.57E+00
17.05625,2.68E+03,-1.57E+00
17.0625,2.67E+03,-1.57E+00
17.06875,2.67E+03,-1.57E+00
17.075,2.67E+03,-1.57E+00
17.08125,2.66E+03,-1.57E+00
17.0875,2.66E+03,-1.57E+00
17.09375,2.65E+03,-1.57E+00
17.1,2.65E+03,-1.57E+00
17.10625,2.64E+03,-1.57E+00
17.1125,2.64E+03,-1.57E+00
17.11875,2.64E+03,-1.57E+00
17.125,2.63E+03,-1.57E+00
17.13125,2.63E+03,-1.57E+00
17.1375,2.62E+03,-1.57E+00
17.14375,2.62E+03,-1.57E+00
17.15,2.61E+03,-1.57E+00
17.15625,2.61E+03,-1.57E+00
17.1625,2.61E+03,-1.57E+00
17.16875,2.60E+03,-1.57E+00
17.175,2.60E+03,-1.57E+00
17.18125,2.59E+03,-1.57E+00
17.1875,2.59E+03,-1.57E+00
17.19375,2.58E+03,-1.57E+00
17.2,2.58E+03,-1.57E+00
17.20625,2.58E+03,-1.57E+00
17.2125,2.57E+03,-1.57E+00
17.21875,2.57E+03,-1.57E+00
17.225,2.56E+03,-1.57E+00
17.23125,2.56E+03,-1.57E+00
17.2375,2.56E+03,-1.57E+00
17.24375,2.55E+03,-1.57E+00
17.25,2.55E+03,-1.57E+00
17.25625,2.54E+03,-1.57E+00
17.2625,2.54E+03,-1.57E+00
17.26875,2.54E+03,-1.57E+00
17.275,2.53E+03,-1.57E+00
17.28125,2.53E+03,-1.57E+00
17.2875,2.52E+03,-1.57E+00
17.29375,2.52E+03,-1.57E+00
17.3,2.51E+03,-1.57E+00
17.30625,2.51E+03,-1.57E+00
17.3125,2.51E+03,-1.57E+00
17.31875,2.50E+03,-1.57E+00
17.325,2.50E+03,-1.57E+00
17.33125,2.49E+03,-1.57E+00
17.3375,2.49E+03,-1.57E+00
17.34375,2.49E+03,-1.57E+00
17.35,2.48E+03,-1.57E+00
17.35625,2.48E+03,-1.57E+00
17.3625,2.47E+03,-1.57E+00
17.36875,2.47E+03,-1.57E+00
17.375,2.47E+03,-1.57E+00
17.38125,2.46E+03,-1.57E+00
17.3875,2.46E+03,-1.57E+00
17.39375,2.45E+03,-1.57E+00
17.4,2.45E+03,-1.57E+00
17.40625,2.45E+03,-1.57E+00
17.4125,2.44E+03,-1.57E+00
17.41875,2.44E+03,-1.57E+00
17.425,2.43E+03,-1.57E+00
17.43125,2.43E+03,-1.57E+00
17.4375,2.43E+03,-1.57E+00
17.44375,2.42E+03,-1.57E+00
17.45,2.42E+03,-1.57E+00
17.45625,2.41E+03,-1.57E+00
17.4625,2.41E+03,-1.57E+00
17.46875,2.41E+03,-1.57E+00
17.475,2.40E+03,-1.57E+00
17.48125,2.40E+03,-1.57E+00
17.4875,2.40E+03,-1.57E+00
17.49375,2.39E+03,-1.57E+00
17.5,2.39E+03,-1.57E+00
17.50625,2.38E+03,-1.57E+00
17.5125,2.38E+03,-1.57E+00
17.51875,2.38E+03,-1.57E+00
17.525,2.37E+03,-1.57E+00
17.53125,2.37E+03,-1.57E+00
17.5375,2.36E+03,-1.57E+00
17.54375,2.36E+03,-1.57E+00
17.55,2.36E+03,-1.57E+00
17.55625,2.35E+03,-1.57E+00
17.5625,2.35E+03,-1.57E+00
17.56875,2.35E+03,-1.57E+00
17.575,2.34E+03,-1.57E+00
17.58125,2.34E+03,-1.57E+00
17.5875,2.33E+03,-1.57E+00
17.59375,2.33E+03,-1.57E+00
17.6,2.33E+03,-1.57E+00
17.60625,2.32E+03,-1.57E+00
17.6125,2.32E+03,-1.57E+00
17.61875,2.32E+03,-1.57E+00
17.625,2.31E+03,-1.57E+00
17.63125,2.31E+03,-1.57E+00
17.6375,2.30E+03,-1.57E+00
17.64375,2.30E+03,-1.57E+00
17.65,2.30E+03,-1.57E+00
17.65625,2.29E+03,-1.57E+00
17.6625,2.29E+03,-1.57E+00
17.66875,2.29E+03,-1.57E+00
17.675,2.28E+03,-1.57E+00
17.68125,2.28E+03,-1.57E+00
17.6875,2.27E+03,-1.57E+00
17.69375,2.27E+03,-1.57E+00
17.7,2.27E+03,-1.57E+00
17.70625,2.26E+03,-1.57E+00
17.7125,2.26E+03,-1.57E+00
17.71875,2.26E+03,-1.57E+00
17.725,2.25E+03,-1.57E+00
17.73125,2.25E+03,-1.57E+00
17.7375,2.25E+03,-1.57E+00
17.74375,2.24E+03,-1.57E+00
17.75,2.24E+03,-1.57E+00
17.75625,2.23E+03,-1.57E+00
17.7625,2.23E+03,-1.57E+00
17.76875,2.23E+03,-1.57E+00
17.775,2.22E+03,-1.57E+00
17.78125,2.22E+03,-1.57E+00
17.7875,2.22E+03,-1.57E+00
17.79375,2.21E+03,-1.57E+00
17.8,2.21E+03,-1.57E+00
17.80625,2.21E+03,-1.57E+00
17.8125,2.20E+03,-1.57E+00
17.81875,2.20E+03,-1.57E+00
17.825,2.20E+03,-1.57E+00
17.83125,2.19E+03,-1.57E+00
17.8375,2.19E+03,-1.57E+00
17.84375,2.18E+03,-1.57E+00
17.85,2.18E+03,-1.57E+00
17.85625,2.18E+03,-1.57E+00
17.8625,2.17E+03,-1.57E+00
17.86875,2.17E+03,-1.57E+00
17.875,2.17E+03,-1.57E+00
17.88125,2.16E+03,-1.57E+00
17.8875,2.16E+03,-1.57E+00
17.89375,2.16E+03,-1.57E+00
17.9,2.15E+03,-1.57E+00
17.90625,2.15E+03,-1.57E+00
17.9125,2.15E+03,-1.57E+00
17.91875,2.14E+03,-1.57E+00
17.925,2.14E+03,-1.57E+00
17.93125,2.14E+03,-1.57E+00
17.9375,2.13E+03,-1.57E+00
17.94375,2.13E+03,-1.57E+00
17.95,2.13E+03,-1.57E+00
17.95625,2.12E+03,-1.57E+00
17.9625,2.12E+03,-1.57E+00
17.96875,2.11E+03,-1.57E+00
17.975,2.11E+03,-1.57E+00
17.98125,2.11E+03,-1.57E+00
17.9875,2.10E+03,-1.57E+00
17.99375,2.10E+03,-1.57E+00
18,2.10E+03,-1.57E+00
18.00625,2.09E+03,-1.57E+00
18.0125,2.09E+03,-1.57E+00
18.01875,2.09E+03,-1.57E+00
18.025,2.08E+03,-1.57E+00
18.03125,2.08E+03,-1.57E+00
18.0375,2.08E+03,-1.57E+00
18.04375,2.07E+03,-1.57E+00
18.05,2.07E+03,-1.57E+00
18.05625,2.07E+03,-1.57E+00
18.0625,2.06E+03,-1.57E+00
18.06875,2.06E+03,-1.57E+00
18.075,2.06E+03,-1.57E+00
18.08125,2.05E+03,-1.57E+00
18.0875,2.05E+03,-1.57E+00
18.09375,2.05E+03,-1.57E+00
18.1,2.04E+03,-1.57E+00
18.10625,2.04E+03,-1.57E+00
18.1125,2.04E+03,-1.57E+00
18.11875,2.03E+03,-1.57E+00
18.125,2.03E+03,-1.57E+00
18.13125,2.03E+03,-1.57E+00
18.1375,2.02E+03,-1.57E+00
18.14375,2.02E+03,-1.57E+00
18.15,2.02E+03,-1.57E+00
18.15625,2.01E+03,-1.57E+00
18.1625,2.01E+03,-1.57E+00
18.16875,2.01E+03,-1.57E+00
18.175,2.00E+03,-1.57E+00
18.18125,2.00E+03,-1.57E+00
18.1875,2.00E+03,-1.57E+00
18.19375,2.00E+03,-1.57E+00
18.2,1.99E+03,-1.57E+00
18.20625,1.99E+03,-1.57E+00
18.2125,1.99E+03,-1.57E+00
18.21875,1.98E+03,-1.57E+00
18.225,1.98E+03,-1.57E+00
18.23125,1.98E+03,-1.57E+00
18.2375,1.97E+03,-1.57E+00
18.24375,1.97E+03,-1.57E+00
18.25,1.97E+03,-1.57E+00
18.25625,1.96E+03,-1.57E+00
18.2625,1.96E+03,-1.57E+00
18.26875,1.96E+03,-1.57E+00
18.275,1.95E+03,-1.57E+00
18.28125,1.95E+03,-1.57E+00
18.2875,1.95E+03,-1.57E+00
18.29375,1.94E+03,-1.57E+00
18.3,1.94E+03,-1.57E+00
18.30625,1.94E+03,-1.57E+00
18.3125,1.93E+03,-1.57E+00
18.31875,1.93E+03,-1.57E+00
18.325,1.93E+03,-1.57E+00
18.33125,1.93E+03,-1.57E+00
18.3375,1.92E+03,-1.57E+00
18.34375,1.92E+03,-1.57E+00
18.35,1.92E+03,-1.57E+00
18.35625,1.91E+03,-1.57E+00
18.3625,1.91E+03,-1.57E+00
18.36875,1.91E+03,-1.57E+00
18.375,1.90E+03,-1.57E+00
18.38125,1.90E+03,-1.57E+00
18.3875,1.90E+03,-1.57E+00
18.39375,1.89E+03,-1.57E+00
18.4,1.89E+03,-1.57E+00
18.40625,1.89E+03,-1.57E+00
18.4125,1.89E+03,-1.57E+00
18.41875,1.88E+03,-1.57E+00
18.425,1.88E+03,-1.57E+00
18.43125,1.88E+03,-1.57E+00
18.4375,1.87E+03,-1.57E+00
18.44375,1.87E+03,-1.57E+00
18.45,1.87E+03,-1.57E+00
18.45625,1.86E+03,-1.57E+00
18.4625,1.86E+03,-1.57E+00
18.46875,1.86E+03,-1.57E+00
18.475,1.86E+03,-1.57E+00
18.48125,1.85E+03,-1.57E+00
18.4875,1.85E+03,-1.57E+00
18.49375,1.85E+03,-1.57E+00
18.5,1.84E+03,-1.57E+00
18.50625,1.84E+03,-1.57E+00
18.5125,1.84E+03,-1.57E+00
18.51875,1.83E+03,-1.57E+00
18.525,1.83E+03,-1.57E+00
18.53125,1.83E+03,-1.57E+00
18.5375,1.83E+03,-1.57E+00
18.54375,1.82E+03,-1.57E+00
18.55,1.82E+03,-1.57E+00
18.55625,1.82E+03,-1.57E+00
18.5625,1.81E+03,-1.57E+00
18.56875,1.81E+03,-1.57E+00
18.575,1.81E+03,-1.57E+00
18.58125,1.80E+03,-1.57E+00
18.5875,1.80E+03,-1.57E+00
18.59375,1.80E+03,-1.57E+00
18.6,1.80E+03,-1.57E+00
18.60625,1.79E+03,-1.57E+00
18.6125,1.79E+03,-1.57E+00
18.61875,1.79E+03,-1.57E+00
18.625,1.78E+03,-1.57E+00
18.63125,1.78E+03,-1.57E+00
18.6375,1.78E+03,-1.57E+00
18.64375,1.78E+03,-1.57E+00
18.65,1.77E+03,-1.57E+00
18.65625,1.77E+03,-1.57E+00
18.6625,1.77E+03,-1.57E+00
18.66875,1.76E+03,-1.57E+00
18.675,1.76E+03,-1.57E+00
18.68125,1.76E+03,-1.57E+00
18.6875,1.76E+03,-1.57E+00
18.69375,1.75E+03,-1.57E+00
18.7,1.75E+03,-1.57E+00
18.70625,1.75E+03,-1.57E+00
18.7125,1.74E+03,-1.57E+00
18.71875,1.74E+03,-1.57E+00
18.725,1.74E+03,-1.57E+00
18.73125,1.74E+03,-1.57E+00
18.7375,1.73E+03,-1.57E+00
18.74375,1.73E+03,-1.57E+00
18.75,1.73E+03,-1.57E+00
18.75625,1.72E+03,-1.57E+00
18.7625,1.72E+03,-1.57E+00
18.76875,1.72E+03,-1.57E+00
18.775,1.72E+03,-1.57E+00
18.78125,1.71E+03,-1.57E+00
18.7875,1.71E+03,-1.57E+00
18.79375,1.71E+03,-1.57E+00
18.8,1.71E+03,-1.57E+00
18.80625,1.70E+03,-1.57E+00
18.8125,1.70E+03,-1.57E+00
18.81875,1.70E+03,-1.57E+00
18.825,1.69E+03,-1.57E+00
18.83125,1.69E+03,-1.57E+00
18.8375,1.69E+03,-1.57E+00
18.84375,1.69E+03,-1.57E+00
18.85,1.68E+03,-1.57E+00
18.85625,1.68E+03,-1.57E+00
18.8625,1.68E+03,-1.57E+00
18.86875,1.68E+03,-1.57E+00
18.875,1.67E+03,-1.57E+00
18.88125,1.67E+03,-1.57E+00
18.8875,1.67E+03,-1.57E+00
18.89375,1.66E+03,-1.57E+00
18.9,1.66E+03,-1.57E+00
18.90625,1.66E+03,-1.57E+00
18.9125,1.66E+03,-1.57E+00
18.91875,1.65E+03,-1.57E+00
18.925,1.65E+03,-1.57E+00
18.93125,1.65E+03,-1.57E+00
18.9375,1.65E+03,-1.57E+00
18.94375,1.64E+03,-1.57E+00
18.95,1.64E+03,-1.57E+00
18.95625,1.64E+03,-1.57E+00
18.9625,1.64E+03,-1.57E+00
18.96875,1.63E+03,-1.57E+00
18.975,1.63E+03,-1.57E+00
18.98125,1.63E+03,-1.57E+00
18.9875,1.62E+03,-1.57E+00
18.99375,1.62E+03,-1.57E+00
19,1.62E+03,-1.57E+00
19.00625,1.62E+03,-1.57E+00
19.0125,1.61E+03,-1.57E+00
19.01875,1.61E+03,-1.57E+00
19.025,1.61E+03,-1.57E+00
19.03125,1.61E+03,-1.57E+00
19.0375,1.60E+03,-1.57E+00
19.04375,1.60E+03,-1.57E+00
19.05,1.60E+03,-1.57E+00
19.05625,1.60E+03,-1.57E+00
19.0625,1.59E+03,-1.57E+00
19.06875,1.59E+03,-1.57E+00
19.075,1.59E+03,-1.57E+00
19.08125,1.59E+03,-1.57E+00
19.0875,1.58E+03,-1.57E+00
19.09375,1.58E+03,-1.57E+00
19.1,1.58E+03,-1.57E+00
19.10625,1.58E+03,-1.57E+00
19.1125,1.57E+03,-1.57E+00
19.11875,1.57E+03,-1.57E+00
19.125,1.57E+03,-1.57E+00
19.13125,1.57E+03,-1.57E+00
19.1375,1.56E+03,-1.57E+00
19.14375,1.56E+03,-1.57E+00
19.15,1.56E+03,-1.57E+00
19.15625,1.56E+03,-1.57E+00
19.1625,1.55E+03,-1.57E+00
19.16875,1.55E+03,-1.57E+00
19.175,1.55E+03,-1.57E+00
19.18125,1.55E+03,-1.57E+00
19.1875,1.54E+03,-1.57E+00
19.19375,1.54E+03,-1.57E+00
19.2,1.54E+03,-1.57E+00
19.20625,1.54E+03,-1.57E+00
19.2125,1.53E+03,-1.57E+00
19.21875,1.53E+03,-1.57E+00
19.225,1.53E+03,-1.57E+00
19.23125,1.53E+03,-1.57E+00
19.2375,1.52E+03,-1.57E+00
19.24375,1.52E+03,-1.57E+00
19.25,1.52E+03,-1.57E+00
19.25625,1.52E+03,-1.57E+00
19.2625,1.51E+03,-1.57E+00
19.26875,1.51E+03,-1.57E+00
19.275,1.51E+03,-1.57E+00
19.28125,1.51E+03,-1.57E+00
19.2875,1.50E+03,-1.57E+00
19.29375,1.50E+03,-1.57E+00
19.3,1.50E+03,-1.57E+00
19.30625,1.50E+03,-1.57E+00
19.3125,1.49E+03,-1.57E+00
19.31875,1.49E+03,-1.57E+00
19.325,1.49E+03,-1.57E+00
19.33125,1.49E+03,-1.57E+00
19.3375,1.48E+03,-1.57E+00
19.34375,1.48E+03,-1.57E+00
19.35,1.48E+03,-1.57E+00
19.35625,1.48E+03,-1.57E+00
19.3625,1.47E+03,-1.57E+00
19.36875,1.47E+03,-1.57E+00
19.375,1.47E+03,-1.57E+00
19.38125,1.47E+03,-1.57E+00
19.3875,1.46E+03,-1.57E+00
19.39375,1.46E+03,-1.57E+00
19.4,1.46E+03,-1.57E+00
19.40625,1.46E+03,-1.57E+00
19.4125,1.46E+03,-1.57E+00
19.41875,1.45E+03,-1.57E+00
19.425,1.45E+03,-1.57E+00
19.43125,1.45E+03,-1.57E+00
19.4375,1.45E+03,-1.57E+00
19.44375,1.44E+03,-1.57E+00
19.45,1.44E+03,-1.57E+00
19.45625,1.44E+03,-1.57E+00
19.4625,1.44E+03,-1.57E+00
19.46875,1.43E+03,-1.57E+00
19.475,1.43E+03,-1.57E+00
19.48125,1.43E+03,-1.57E+00
19.4875,1.43E+03,-1.57E+00
19.49375,1.42E+03,-1.57E+00
19.5,1.42E+03,-1.57E+00
19.50625,1.42E+03,-1.57E+00
19.5125,1.42E+03,-1.57E+00
19.51875,1.42E+03,-1.57E+00
19.525,1.41E+03,-1.57E+00
19.53125,1.41E+03,-1.57E+00
19.5375,1.41E+03,-1.57E+00
19.54375,1.41E+03,-1.57E+00
19.55,1.40E+03,-1.57E+00
19.55625,1.40E+03,-1.57E+00
19.5625,1.40E+03,-1.57E+00
19.56875,1.40E+03,-1.57E+00
19.575,1.40E+03,-1.57E+00
19.58125,1.39E+03,-1.57E+00
19.5875,1.39E+03,-1.57E+00
19.59375,1.39E+03,-1.57E+00
19.6,1.39E+03,-1.57E+00
19.60625,1.38E+03,-1.57E+00
19.6125,1.38E+03,-1.57E+00
19.61875,1.38E+03,-1.57E+00
19.625,1.38E+03,-1.57E+00
19.63125,1.38E+03,-1.57E+00
19.6375,1.37E+03,-1.57E+00
19.64375,1.37E+03,-1.57E+00
19.65,1.37E+03,-1.57E+00
19.65625,1.37E+03,-1.57E+00
19.6625,1.36E+03,-1.57E+00
19.66875,1.36E+03,-1.57E+00
19.675,1.36E+03,-1.57E+00
19.68125,1.36E+03,-1.57E+00
19.6875,1.36E+03,-1.57E+00
19.69375,1.35E+03,-1.57E+00
19.7,1.35E+03,-1.57E+00
19.70625,1.35E+03,-1.57E+00
19.7125,1.35E+03,-1.57E+00
19.71875,1.34E+03,-1.57E+00
19.725,1.34E+03,-1.57E+00
19.73125,1.34E+03,-1.57E+00
19.7375,1.34E+03,-1.57E+00
19.74375,1.34E+03,-1.57E+00
19.75,1.33E+03,-1.57E+00
19.75625,1.33E+03,-1.57E+00
19.7625,1.33E+03,-1.57E+00
19.76875,1.33E+03,-1.57E+00
19.775,1.32E+03,-1.57E+00
19.78125,1.32E+03,-1.57E+00
19.7875,1.32E+03,-1.57E+00
19.79375,1.32E+03,-1.57E+00
19.8,1.32E+03,-1.57E+00
19.80625,1.31E+03,-1.57E+00
19.8125,1.31E+03,-1.57E+00
19.81875,1.31E+03,-1.57E+00
19.825,1.31E+03,-1.57E+00
19.83125,1.31E+03,-1.57E+00
19.8375,1.30E+03,-1.57E+00
19.84375,1.30E+03,-1.57E+00
19.85,1.30E+03,-1.57E+00
19.85625,1.30E+03,-1.57E+00
19.8625,1.30E+03,-1.57E+00
19.86875,1.29E+03,-1.57E+00
19.875,1.29E+03,-1.57E+00
19.88125,1.29E+03,-1.57E+00
19.8875,1.29E+03,-1.57E+00
19.89375,1.28E+03,-1.57E+00
19.9,1.28E+03,-1.57E+00
19.90625,1.28E+03,-1.57E+00
19.9125,1.28E+03,-1.57E+00
19.91875,1.28E+03,-1.57E+00
19.925,1.27E+03,-1.57E+00
19.93125,1.27E+03,-1.57E+00
19.9375,1.27E+03,-1.57E+00
19.94375,1.27E+03,-1.57E+00
19.95,1.27E+03,-1.57E+00
19.95625,1.26E+03,-1.57E+00
19.9625,1.26E+03,-1.57E+00
19.96875,1.26E+03,-1.57E+00
19.975,1.26E+03,-1.57E+00
19.98125,1.26E+03,-1.57E+00
19.9875,1.25E+03,-1.57E+00
19.99375,1.25E+03,-1.57E+00
20,1.25E+03,-1.57E+00
